core   0: 0x00001000 (0x00000297) auipc   x5, 0x0
core   0: 3 0x00001000 (0x00000297) x5  0x00001000
core   0: 0x00001004 (0x02028593) addi    x11, x5, 32
core   0: 3 0x00001004 (0x02028593) x11 0x00001020
core   0: 0x00001008 (0xf1402573) csrr    x10, mhartid
core   0: 3 0x00001008 (0xf1402573) x10 0x00000000
core   0: 0x0000100c (0x0182a283) lw      x5, 24(x5)
core   0: 3 0x0000100c (0x0182a283) x5  0x80000000 mem 0x00001018
core   0: 0x00001010 (0x00028067) jr      x5
core   0: 3 0x00001010 (0x00028067)
core   0: 0x80000000 (0x00004197) auipc   x3, 0x4
core   0: 3 0x80000000 (0x00004197) x3  0x80004000
core   0: 0x80000004 (0x80818193) addi    x3, x3, -2040
core   0: 3 0x80000004 (0x80818193) x3  0x80003808
core   0: 0x80000008 (0x02000e93) li      x29, 32
core   0: 3 0x80000008 (0x02000e93) x29 0x00000020
core   0: 0x8000000c (0x0d0efed7) vsetvli x29, x29, e32, m1, ta, ma
core   0: 3 0x8000000c (0x0d0efed7) x29 0x00000020 c8_vstart 0x00000000 c3104_vl 0x00000020 c3105_vtype 0x000000d0 c768_mstatus 0x80000600
core   0: 0x80000010 (0x00002eb7) lui     x29, 0x2
core   0: 3 0x80000010 (0x00002eb7) x29 0x00002000
core   0: 0x80000014 (0x300eaef3) csrrs   x29, mstatus, x29
core   0: 3 0x80000014 (0x300eaef3) x29 0x80000600 c768_mstatus 0x80006600
core   0: 0x80000018 (0x00000e93) li      x29, 0
core   0: 3 0x80000018 (0x00000e93) x29 0x00000000
core   0: 0x8000001c (0x80502373) csrr    x6, wid
core   0: 3 0x8000001c (0x80502373) x6  0x00000000
core   0: 0x80000020 (0x806023f3) csrr    x7, lds
core   0: 3 0x80000020 (0x806023f3) x7  0x70000000
core   0: 0x80000024 (0x40000e13) li      x28, 1024
core   0: 3 0x80000024 (0x40000e13) x28 0x00000400
core   0: 0x80000028 (0x03c30333) mul     x6, x6, x28
core   0: 3 0x80000028 (0x03c30333) x6  0x00000000
core   0: 0x8000002c (0x00730133) add     x2, x6, x7
core   0: 3 0x8000002c (0x00730133) x2  0x70000000
core   0: 0x80000030 (0x00000213) li      x4, 0
core   0: 3 0x80000030 (0x00000213) x4  0x00000000
core   0: 0x80000034 (0x80102f73) csrr    x30, numw
core   0: 3 0x80000034 (0x80102f73) x30 0x00000001
core   0: 0x80000038 (0x40000e13) li      x28, 1024
core   0: 3 0x80000038 (0x40000e13) x28 0x00000400
core   0: 0x8000003c (0x03cf0f33) mul     x30, x30, x28
core   0: 3 0x8000003c (0x03cf0f33) x30 0x00000400
core   0: 0x80000040 (0x01e38433) add     x8, x7, x30
core   0: 3 0x80000040 (0x01e38433) x8  0x70000400
core   0: 0x80000044 (0x00003517) auipc   x10, 0x3
core   0: 3 0x80000044 (0x00003517) x10 0x80003044
core   0: 0x80000048 (0xfc850513) addi    x10, x10, -56
core   0: 3 0x80000048 (0xfc850513) x10 0x8000300c
core   0: 0x8000004c (0x00003617) auipc   x12, 0x3
core   0: 3 0x8000004c (0x00003617) x12 0x8000304c
core   0: 0x80000050 (0xfc060613) addi    x12, x12, -64
core   0: 3 0x80000050 (0xfc060613) x12 0x8000300c
core   0: 0x80000054 (0x00c50863) beq     x10, x12, pc + 16
core   0: 3 0x80000054 (0x00c50863)
core   0: 0x80000064 (0x803022f3) csrr    x5, knl
core   0: 3 0x80000064 (0x803022f3) x5  0x90025000
core   0: 0x80000068 (0x0002a303) lw      x6, 0(x5)
core   0: 3 0x80000068 (0x0002a303) x6  0x800000b8 mem 0x90025000
core   0: 0x8000006c (0x0042a503) lw      x10, 4(x5)
core   0: 3 0x8000006c (0x0042a503) x10 0x90004000 mem 0x90025004
core   0: 0x80000070 (0x0302a383) lw      x7, 48(x5)
core   0: 3 0x80000070 (0x0302a383) x7  0x00000000 mem 0x90025030
core   0: 0x80000074 (0x0342ae03) lw      x28, 52(x5)
core   0: 3 0x80000074 (0x0342ae03) x28 0x00000000 mem 0x90025034
core   0: 0x80000078 (0x00003e97) auipc   x29, 0x3
core   0: 3 0x80000078 (0x00003e97) x29 0x80003078
core   0: 0x8000007c (0xf88e8e93) addi    x29, x29, -120
core   0: 3 0x8000007c (0xf88e8e93) x29 0x80003000
core   0: 0x80000080 (0x00003f17) auipc   x30, 0x3
core   0: 3 0x80000080 (0x00003f17) x30 0x80003080
core   0: 0x80000084 (0xf84f0f13) addi    x30, x30, -124
core   0: 3 0x80000084 (0xf84f0f13) x30 0x80003004
core   0: 0x80000088 (0x007ea023) sw      x7, 0(x29)
core   0: 3 0x80000088 (0x007ea023) mem 0x80003000 0x00000000
core   0: 0x8000008c (0x01cf2023) sw      x28, 0(x30)
core   0: 3 0x8000008c (0x01cf2023) mem 0x80003004 0x00000000
core   0: 0x80000090 (0x00000f97) auipc   x31, 0x0
core   0: 3 0x80000090 (0x00000f97) x31 0x80000090
core   0: 0x80000094 (0x018f8f93) addi    x31, x31, 24
core   0: 3 0x80000094 (0x018f8f93) x31 0x800000a8
core   0: 0x80000098 (0x305f9073) csrw    mtvec, x31
core   0: 3 0x80000098 (0x305f9073) c773_mtvec 0x800000a8
core   0: 0x8000009c (0x000300e7) jalr    x6
core   0: 3 0x8000009c (0x000300e7) x1  0x800000a0
core   0: 0x800000b8 (0x01410113) addi    x2, x2, 20
core   0: 3 0x800000b8 (0x01410113) x2  0x70000014
core   0: 0x800000bc (0x00820213) addi    x4, x4, 8
core   0: 3 0x800000bc (0x00820213) x4  0x00000008
core   0: 0x800000c0 (0x0010200b) regext  x0, x0,  0 0 0 1 
core   0: 3 0x800000c0 (0x0010200b)
core   0: 0x800000c4 (0x5e024057) vmv.v.x v0, x4
core   0: 3 0x800000c4 (0x5e024057) c8_vstart 0x00000000 e32 m1 l32 v32 ffffffff 0x00000008 00000008 00000008 00000008 00000008 00000008 00000008 00000008 00000008 00000008 00000008 00000008 00000008 00000008 00000008 00000008 00000008 00000008 00000008 00000008 00000008 00000008 00000008 00000008 00000008 00000008 00000008 00000008 00000008 00000008 00000008 00000008 
core   0: 0x800000c8 (0xfe112623) sw      x1, -20(x2)
core   0: 3 0x800000c8 (0xfe112623) mem 0x70000000 0x800000a0
core   0: 0x800000cc (0x0480200b) regext  x0, x0,  0 1 1 0 
core   0: 3 0x800000cc (0x0480200b)
core   0: 0x800000d0 (0xfe102e2b) vsw.v   v1, x0, -4
core   0: 3 0x800000d0 (0xfe102e2b) c8_vstart 0x00000000 mem 0x90005080 0x00000000 mem 0x90005084 0x00000000 mem 0x90005088 0x00000000 mem 0x9000508c 0x00000000 mem 0x90005090 0x00000000 mem 0x90005094 0x00000000 mem 0x90005098 0x00000000 mem 0x9000509c 0x00000000 mem 0x900050a0 0x00000000 mem 0x900050a4 0x00000000 mem 0x900050a8 0x00000000 mem 0x900050ac 0x00000000 mem 0x900050b0 0x00000000 mem 0x900050b4 0x00000000 mem 0x900050b8 0x00000000 mem 0x900050bc 0x00000000 mem 0x900050c0 0x00000000 mem 0x900050c4 0x00000000 mem 0x900050c8 0x00000000 mem 0x900050cc 0x00000000 mem 0x900050d0 0x00000000 mem 0x900050d4 0x00000000 mem 0x900050d8 0x00000000 mem 0x900050dc 0x00000000 mem 0x900050e0 0x00000000 mem 0x900050e4 0x00000000 mem 0x900050e8 0x00000000 mem 0x900050ec 0x00000000 mem 0x900050f0 0x00000000 mem 0x900050f4 0x00000000 mem 0x900050f8 0x00000000 mem 0x900050fc 0x00000000
core   0: 0x800000d4 (0x0480200b) regext  x0, x0,  0 1 1 0 
core   0: 3 0x800000d4 (0x0480200b)
core   0: 0x800000d8 (0xfe202c2b) vsw.v   v2, x0, -8
core   0: 3 0x800000d8 (0xfe202c2b) c8_vstart 0x00000000 mem 0x90005000 0x00000000 mem 0x90005004 0x00000000 mem 0x90005008 0x00000000 mem 0x9000500c 0x00000000 mem 0x90005010 0x00000000 mem 0x90005014 0x00000000 mem 0x90005018 0x00000000 mem 0x9000501c 0x00000000 mem 0x90005020 0x00000000 mem 0x90005024 0x00000000 mem 0x90005028 0x00000000 mem 0x9000502c 0x00000000 mem 0x90005030 0x00000000 mem 0x90005034 0x00000000 mem 0x90005038 0x00000000 mem 0x9000503c 0x00000000 mem 0x90005040 0x00000000 mem 0x90005044 0x00000000 mem 0x90005048 0x00000000 mem 0x9000504c 0x00000000 mem 0x90005050 0x00000000 mem 0x90005054 0x00000000 mem 0x90005058 0x00000000 mem 0x9000505c 0x00000000 mem 0x90005060 0x00000000 mem 0x90005064 0x00000000 mem 0x90005068 0x00000000 mem 0x9000506c 0x00000000 mem 0x90005070 0x00000000 mem 0x90005074 0x00000000 mem 0x90005078 0x00000000 mem 0x9000507c 0x00000000
core   0: 0x800000dc (0x02c52283) lw      x5, 44(x10)
core   0: 3 0x800000dc (0x02c52283) x5  0x00000001 mem 0x9000402c
core   0: 0x800000e0 (0xfe512e23) sw      x5, -4(x2)
core   0: 3 0x800000e0 (0xfe512e23) mem 0x70000010 0x00000001
core   0: 0x800000e4 (0x01052283) lw      x5, 16(x10)
core   0: 3 0x800000e4 (0x01052283) x5  0x00000001 mem 0x90004010
core   0: 0x800000e8 (0xfe512823) sw      x5, -16(x2)
core   0: 3 0x800000e8 (0xfe512823) mem 0x70000004 0x00000001
core   0: 0x800000ec (0xfea12c23) sw      x10, -8(x2)
core   0: 3 0x800000ec (0xfea12c23) mem 0x7000000c 0x90004000
core   0: 0x800000f0 (0x00852283) lw      x5, 8(x10)
core   0: 3 0x800000f0 (0x00852283) x5  0x90003000 mem 0x90004008
core   0: 0x800000f4 (0xfe512a23) sw      x5, -12(x2)
core   0: 3 0x800000f4 (0xfe512a23) mem 0x70000008 0x90003000
core   0: 0x800000f8 (0x5e004057) vmv.v.x v0, x0
core   0: 3 0x800000f8 (0x5e004057) c8_vstart 0x00000000 e32 m1 l32 v0  ffffffff 0x00000000 00000000 00000000 00000000 00000000 00000000 00000000 00000000 00000000 00000000 00000000 00000000 00000000 00000000 00000000 00000000 00000000 00000000 00000000 00000000 00000000 00000000 00000000 00000000 00000000 00000000 00000000 00000000 00000000 00000000 00000000 00000000 
core   0: 0x800000fc (0x228000ef) jal     pc + 0x228
core   0: 3 0x800000fc (0x228000ef) x1  0x80000100
core   0: 0x80000324 (0x00410113) addi    x2, x2, 4
core   0: 3 0x80000324 (0x00410113) x2  0x70000018
core   0: 0x80000328 (0xfe112e23) sw      x1, -4(x2)
core   0: 3 0x80000328 (0xfe112e23) mem 0x70000014 0x80000100
core   0: 0x8000032c (0x00200293) li      x5, 2
core   0: 3 0x8000032c (0x00200293) x5  0x00000002
core   0: 0x80000330 (0x5e02c0d7) vmv.v.x v1, x5
core   0: 3 0x80000330 (0x5e02c0d7) c8_vstart 0x00000000 e32 m1 l32 v1  ffffffff 0x00000002 00000002 00000002 00000002 00000002 00000002 00000002 00000002 00000002 00000002 00000002 00000002 00000002 00000002 00000002 00000002 00000002 00000002 00000002 00000002 00000002 00000002 00000002 00000002 00000002 00000002 00000002 00000002 00000002 00000002 00000002 00000002 
core   0: 0x80000334 (0x00000317) auipc   x6, 0x0
core   0: 3 0x80000334 (0x00000317) x6  0x80000334
core   0: 0x80000338 (0x0543305b) setrpc  x0, x6, 84
core   0: 3 0x80000338 (0x0543305b) c2060_rpc 0x80000388 current mask:	ffffffff current npc:	00000000 stack size: 0
core   0: 0x8000033c (0x0400845b) vbeq    v0, v1, pc + 72
core   0: 3 0x8000033c (0x0400845b) c8_vstart 0x00000000 e32 m1 l32 current mask:	ffffffff current npc:	80000340 stack size: 0
core   0: 0x80000340 (0x0040006f) j       pc + 0x4
core   0: 3 0x80000340 (0x0040006f)
core   0: 0x80000344 (0x00100293) li      x5, 1
core   0: 3 0x80000344 (0x00100293) x5  0x00000001
core   0: 0x80000348 (0x5e02c0d7) vmv.v.x v1, x5
core   0: 3 0x80000348 (0x5e02c0d7) c8_vstart 0x00000000 e32 m1 l32 v1  ffffffff 0x00000001 00000001 00000001 00000001 00000001 00000001 00000001 00000001 00000001 00000001 00000001 00000001 00000001 00000001 00000001 00000001 00000001 00000001 00000001 00000001 00000001 00000001 00000001 00000001 00000001 00000001 00000001 00000001 00000001 00000001 00000001 00000001 
core   0: 0x8000034c (0x00000317) auipc   x6, 0x0
core   0: 3 0x8000034c (0x00000317) x6  0x8000034c
core   0: 0x80000350 (0x03c3305b) setrpc  x0, x6, 60
core   0: 3 0x80000350 (0x03c3305b) c2060_rpc 0x80000388 current mask:	ffffffff current npc:	80000340 stack size: 0
core   0: 0x80000354 (0x0200845b) vbeq    v0, v1, pc + 40
core   0: 3 0x80000354 (0x0200845b) c8_vstart 0x00000000 e32 m1 l32 current mask:	ffffffff current npc:	80000358 stack size: 0
core   0: 0x80000358 (0x0040006f) j       pc + 0x4
core   0: 3 0x80000358 (0x0040006f)
core   0: 0x8000035c (0x5e0040d7) vmv.v.x v1, x0
core   0: 3 0x8000035c (0x5e0040d7) c8_vstart 0x00000000 e32 m1 l32 v1  ffffffff 0x00000000 00000000 00000000 00000000 00000000 00000000 00000000 00000000 00000000 00000000 00000000 00000000 00000000 00000000 00000000 00000000 00000000 00000000 00000000 00000000 00000000 00000000 00000000 00000000 00000000 00000000 00000000 00000000 00000000 00000000 00000000 00000000 
core   0: 0x80000360 (0x00000317) auipc   x6, 0x0
core   0: 3 0x80000360 (0x00000317) x6  0x80000360
core   0: 0x80000364 (0x0283305b) setrpc  x0, x6, 40
core   0: 3 0x80000364 (0x0283305b) c2060_rpc 0x80000388 current mask:	ffffffff current npc:	80000358 stack size: 0
core   0: 0x80000368 (0x0000865b) vbeq    v0, v1, pc + 12
core   0: 3 0x80000368 (0x0000865b) c8_vstart 0x00000000 e32 m1 l32 current mask:	ffffffff current npc:	80000374 stack size: 0
core   0: 0x80000374 (0x100000ef) jal     pc + 0x100
core   0: 3 0x80000374 (0x100000ef) x1  0x80000378
core   0: 0x80000474 (0x00410113) addi    x2, x2, 4
core   0: 3 0x80000474 (0x00410113) x2  0x7000001c
core   0: 0x80000478 (0xfe112e23) sw      x1, -4(x2)
core   0: 3 0x80000478 (0xfe112e23) mem 0x70000018 0x80000378
core   0: 0x8000047c (0xf1dff0ef) jal     pc - 0xe4
core   0: 3 0x8000047c (0xf1dff0ef) x1  0x80000480
core   0: 0x80000398 (0x00410113) addi    x2, x2, 4
core   0: 3 0x80000398 (0x00410113) x2  0x70000020
core   0: 0x8000039c (0xfe112e23) sw      x1, -4(x2)
core   0: 3 0x8000039c (0xfe112e23) mem 0x7000001c 0x80000480
core   0: 0x800003a0 (0x80302573) csrr    x10, knl
core   0: 3 0x800003a0 (0x80302573) x10 0x90025000
core   0: 0x800003a4 (0x00852283) lw      x5, 8(x10)
core   0: 3 0x800003a4 (0x00852283) x5  0x00000003 mem 0x90025008
core   0: 0x800003a8 (0x80002373) csrr    x6, tid
core   0: 3 0x800003a8 (0x80002373) x6  0x00000000
core   0: 0x800003ac (0x5208a157) vid.v   v2
core   0: 3 0x800003ac (0x5208a157) c8_vstart 0x00000000 e32 m1 l32 v2  ffffffff 0x0000001f 0000001e 0000001d 0000001c 0000001b 0000001a 00000019 00000018 00000017 00000016 00000015 00000014 00000013 00000012 00000011 00000010 0000000f 0000000e 0000000d 0000000c 0000000b 0000000a 00000009 00000008 00000007 00000006 00000005 00000004 00000003 00000002 00000001 00000000 
core   0: 0x800003b0 (0x02234057) vadd.vx v0, v2, x6
core   0: 3 0x800003b0 (0x02234057) c8_vstart 0x00000000 e32 m1 l32 v0  ffffffff 0x0000001f 0000001e 0000001d 0000001c 0000001b 0000001a 00000019 00000018 00000017 00000016 00000015 00000014 00000013 00000012 00000011 00000010 0000000f 0000000e 0000000d 0000000c 0000000b 0000000a 00000009 00000008 00000007 00000006 00000005 00000004 00000003 00000002 00000001 00000000 
core   0: 0x800003b4 (0x01852e03) lw      x28, 24(x10)
core   0: 3 0x800003b4 (0x01852e03) x28 0x00000001 mem 0x90025018
core   0: 0x800003b8 (0x8a0e6057) vremu.vx v0, v0, x28
core   0: 3 0x800003b8 (0x8a0e6057) c8_vstart 0x00000000 e32 m1 l32 v0  ffffffff 0x00000000 00000000 00000000 00000000 00000000 00000000 00000000 00000000 00000000 00000000 00000000 00000000 00000000 00000000 00000000 00000000 00000000 00000000 00000000 00000000 00000000 00000000 00000000 00000000 00000000 00000000 00000000 00000000 00000000 00000000 00000000 00000000 
core   0: 0x800003bc (0xffc12083) lw      x1, -4(x2)
core   0: 3 0x800003bc (0xffc12083) x1  0x80000480 mem 0x7000001c
core   0: 0x800003c0 (0xffc10113) addi    x2, x2, -4
core   0: 3 0x800003c0 (0xffc10113) x2  0x7000001c
core   0: 0x800003c4 (0x00008067) ret
core   0: 3 0x800003c4 (0x00008067)
core   0: 0x80000480 (0x80302573) csrr    x10, knl
core   0: 3 0x80000480 (0x80302573) x10 0x90025000
core   0: 0x80000484 (0x80802373) csrr    x6, gidx
core   0: 3 0x80000484 (0x80802373) x6  0x00000000
core   0: 0x80000488 (0x01852e03) lw      x28, 24(x10)
core   0: 3 0x80000488 (0x01852e03) x28 0x00000001 mem 0x90025018
core   0: 0x8000048c (0x02452e83) lw      x29, 36(x10)
core   0: 3 0x8000048c (0x02452e83) x29 0x00000000 mem 0x90025024
core   0: 0x80000490 (0x03c30fb3) mul     x31, x6, x28
core   0: 3 0x80000490 (0x03c30fb3) x31 0x00000000
core   0: 0x80000494 (0x01df8fb3) add     x31, x31, x29
core   0: 3 0x80000494 (0x01df8fb3) x31 0x00000000
core   0: 0x80000498 (0x020fc057) vadd.vx v0, v0, x31
core   0: 3 0x80000498 (0x020fc057) c8_vstart 0x00000000 e32 m1 l32 v0  ffffffff 0x00000000 00000000 00000000 00000000 00000000 00000000 00000000 00000000 00000000 00000000 00000000 00000000 00000000 00000000 00000000 00000000 00000000 00000000 00000000 00000000 00000000 00000000 00000000 00000000 00000000 00000000 00000000 00000000 00000000 00000000 00000000 00000000 
core   0: 0x8000049c (0xffc12083) lw      x1, -4(x2)
core   0: 3 0x8000049c (0xffc12083) x1  0x80000378 mem 0x70000018
core   0: 0x800004a0 (0xffc10113) addi    x2, x2, -4
core   0: 3 0x800004a0 (0xffc10113) x2  0x70000018
core   0: 0x800004a4 (0x00008067) ret
core   0: 3 0x800004a4 (0x00008067)
core   0: 0x80000378 (0x0100006f) j       pc + 0x10
core   0: 3 0x80000378 (0x0100006f)
core   0: 0x80000388 (0x0000205b) join    v0, v0, pc + 0
core   0: 3 0x80000388 (0x0000205b) current mask:	ffffffff current npc:	80000374 stack size: 0
core   0: 0x8000038c (0xffc12083) lw      x1, -4(x2)
core   0: 3 0x8000038c (0xffc12083) x1  0x80000100 mem 0x70000014
core   0: 0x80000390 (0xffc10113) addi    x2, x2, -4
core   0: 3 0x80000390 (0xffc10113) x2  0x70000014
core   0: 0x80000394 (0x00008067) ret
core   0: 3 0x80000394 (0x00008067)
core   0: 0x80000100 (0x0010200b) regext  x0, x0,  0 0 0 1 
core   0: 3 0x80000100 (0x0010200b)
core   0: 0x80000104 (0x020040d7) vadd.vx v1, v0, x0
core   0: 3 0x80000104 (0x020040d7) c8_vstart 0x00000000 e32 m1 l32 v33 ffffffff 0x00000000 00000000 00000000 00000000 00000000 00000000 00000000 00000000 00000000 00000000 00000000 00000000 00000000 00000000 00000000 00000000 00000000 00000000 00000000 00000000 00000000 00000000 00000000 00000000 00000000 00000000 00000000 00000000 00000000 00000000 00000000 00000000 
core   0: 0x80000108 (0x00100293) li      x5, 1
core   0: 3 0x80000108 (0x00100293) x5  0x00000001
core   0: 0x8000010c (0x5e02c057) vmv.v.x v0, x5
core   0: 3 0x8000010c (0x5e02c057) c8_vstart 0x00000000 e32 m1 l32 v0  ffffffff 0x00000001 00000001 00000001 00000001 00000001 00000001 00000001 00000001 00000001 00000001 00000001 00000001 00000001 00000001 00000001 00000001 00000001 00000001 00000001 00000001 00000001 00000001 00000001 00000001 00000001 00000001 00000001 00000001 00000001 00000001 00000001 00000001 
core   0: 0x80000110 (0x214000ef) jal     pc + 0x214
core   0: 3 0x80000110 (0x214000ef) x1  0x80000114
core   0: 0x80000324 (0x00410113) addi    x2, x2, 4
core   0: 3 0x80000324 (0x00410113) x2  0x70000018
core   0: 0x80000328 (0xfe112e23) sw      x1, -4(x2)
core   0: 3 0x80000328 (0xfe112e23) mem 0x70000014 0x80000114
core   0: 0x8000032c (0x00200293) li      x5, 2
core   0: 3 0x8000032c (0x00200293) x5  0x00000002
core   0: 0x80000330 (0x5e02c0d7) vmv.v.x v1, x5
core   0: 3 0x80000330 (0x5e02c0d7) c8_vstart 0x00000000 e32 m1 l32 v1  ffffffff 0x00000002 00000002 00000002 00000002 00000002 00000002 00000002 00000002 00000002 00000002 00000002 00000002 00000002 00000002 00000002 00000002 00000002 00000002 00000002 00000002 00000002 00000002 00000002 00000002 00000002 00000002 00000002 00000002 00000002 00000002 00000002 00000002 
core   0: 0x80000334 (0x00000317) auipc   x6, 0x0
core   0: 3 0x80000334 (0x00000317) x6  0x80000334
core   0: 0x80000338 (0x0543305b) setrpc  x0, x6, 84
core   0: 3 0x80000338 (0x0543305b) c2060_rpc 0x80000388 current mask:	ffffffff current npc:	80000374 stack size: 0
core   0: 0x8000033c (0x0400845b) vbeq    v0, v1, pc + 72
core   0: 3 0x8000033c (0x0400845b) c8_vstart 0x00000000 e32 m1 l32 current mask:	ffffffff current npc:	80000340 stack size: 0
core   0: 0x80000340 (0x0040006f) j       pc + 0x4
core   0: 3 0x80000340 (0x0040006f)
core   0: 0x80000344 (0x00100293) li      x5, 1
core   0: 3 0x80000344 (0x00100293) x5  0x00000001
core   0: 0x80000348 (0x5e02c0d7) vmv.v.x v1, x5
core   0: 3 0x80000348 (0x5e02c0d7) c8_vstart 0x00000000 e32 m1 l32 v1  ffffffff 0x00000001 00000001 00000001 00000001 00000001 00000001 00000001 00000001 00000001 00000001 00000001 00000001 00000001 00000001 00000001 00000001 00000001 00000001 00000001 00000001 00000001 00000001 00000001 00000001 00000001 00000001 00000001 00000001 00000001 00000001 00000001 00000001 
core   0: 0x8000034c (0x00000317) auipc   x6, 0x0
core   0: 3 0x8000034c (0x00000317) x6  0x8000034c
core   0: 0x80000350 (0x03c3305b) setrpc  x0, x6, 60
core   0: 3 0x80000350 (0x03c3305b) c2060_rpc 0x80000388 current mask:	ffffffff current npc:	80000340 stack size: 0
core   0: 0x80000354 (0x0200845b) vbeq    v0, v1, pc + 40
core   0: 3 0x80000354 (0x0200845b) c8_vstart 0x00000000 e32 m1 l32 current mask:	ffffffff current npc:	8000037c stack size: 0
core   0: 0x8000037c (0x12c000ef) jal     pc + 0x12c
core   0: 3 0x8000037c (0x12c000ef) x1  0x80000380
core   0: 0x800004a8 (0x00410113) addi    x2, x2, 4
core   0: 3 0x800004a8 (0x00410113) x2  0x7000001c
core   0: 0x800004ac (0xfe112e23) sw      x1, -4(x2)
core   0: 3 0x800004ac (0xfe112e23) mem 0x70000018 0x80000380
core   0: 0x800004b0 (0xf19ff0ef) jal     pc - 0xe8
core   0: 3 0x800004b0 (0xf19ff0ef) x1  0x800004b4
core   0: 0x800003c8 (0x00410113) addi    x2, x2, 4
core   0: 3 0x800003c8 (0x00410113) x2  0x70000020
core   0: 0x800003cc (0xfe112e23) sw      x1, -4(x2)
core   0: 3 0x800003cc (0xfe112e23) mem 0x7000001c 0x800004b4
core   0: 0x800003d0 (0x80302573) csrr    x10, knl
core   0: 3 0x800003d0 (0x80302573) x10 0x90025000
core   0: 0x800003d4 (0x00852283) lw      x5, 8(x10)
core   0: 3 0x800003d4 (0x00852283) x5  0x00000003 mem 0x90025008
core   0: 0x800003d8 (0x80002373) csrr    x6, tid
core   0: 3 0x800003d8 (0x80002373) x6  0x00000000
core   0: 0x800003dc (0x5208a157) vid.v   v2
core   0: 3 0x800003dc (0x5208a157) c8_vstart 0x00000000 e32 m1 l32 v2  ffffffff 0x0000001f 0000001e 0000001d 0000001c 0000001b 0000001a 00000019 00000018 00000017 00000016 00000015 00000014 00000013 00000012 00000011 00000010 0000000f 0000000e 0000000d 0000000c 0000000b 0000000a 00000009 00000008 00000007 00000006 00000005 00000004 00000003 00000002 00000001 00000000 
core   0: 0x800003e0 (0x02234057) vadd.vx v0, v2, x6
core   0: 3 0x800003e0 (0x02234057) c8_vstart 0x00000000 e32 m1 l32 v0  ffffffff 0x0000001f 0000001e 0000001d 0000001c 0000001b 0000001a 00000019 00000018 00000017 00000016 00000015 00000014 00000013 00000012 00000011 00000010 0000000f 0000000e 0000000d 0000000c 0000000b 0000000a 00000009 00000008 00000007 00000006 00000005 00000004 00000003 00000002 00000001 00000000 
core   0: 0x800003e4 (0x01852e03) lw      x28, 24(x10)
core   0: 3 0x800003e4 (0x01852e03) x28 0x00000001 mem 0x90025018
core   0: 0x800003e8 (0x01c52e83) lw      x29, 28(x10)
core   0: 3 0x800003e8 (0x01c52e83) x29 0x00000005 mem 0x9002501c
core   0: 0x800003ec (0x03ce8f33) mul     x30, x29, x28
core   0: 3 0x800003ec (0x03ce8f33) x30 0x00000005
core   0: 0x800003f0 (0x8a0f6057) vremu.vx v0, v0, x30
core   0: 3 0x800003f0 (0x8a0f6057) c8_vstart 0x00000000 e32 m1 l32 v0  ffffffff 0x00000001 00000000 00000004 00000003 00000002 00000001 00000000 00000004 00000003 00000002 00000001 00000000 00000004 00000003 00000002 00000001 00000000 00000004 00000003 00000002 00000001 00000000 00000004 00000003 00000002 00000001 00000000 00000004 00000003 00000002 00000001 00000000 
core   0: 0x800003f4 (0x820e6057) vdivu.vx v0, v0, x28
core   0: 3 0x800003f4 (0x820e6057) c8_vstart 0x00000000 e32 m1 l32 v0  ffffffff 0x00000001 00000000 00000004 00000003 00000002 00000001 00000000 00000004 00000003 00000002 00000001 00000000 00000004 00000003 00000002 00000001 00000000 00000004 00000003 00000002 00000001 00000000 00000004 00000003 00000002 00000001 00000000 00000004 00000003 00000002 00000001 00000000 
core   0: 0x800003f8 (0x5e0ec0d7) vmv.v.x v1, x29
core   0: 3 0x800003f8 (0x5e0ec0d7) c8_vstart 0x00000000 e32 m1 l32 v1  ffffffff 0x00000005 00000005 00000005 00000005 00000005 00000005 00000005 00000005 00000005 00000005 00000005 00000005 00000005 00000005 00000005 00000005 00000005 00000005 00000005 00000005 00000005 00000005 00000005 00000005 00000005 00000005 00000005 00000005 00000005 00000005 00000005 00000005 
core   0: 0x800003fc (0x00000317) auipc   x6, 0x0
core   0: 3 0x800003fc (0x00000317) x6  0x800003fc
core   0: 0x80000400 (0x0143305b) setrpc  x0, x6, 20
core   0: 3 0x80000400 (0x0143305b) c2060_rpc 0x80000410 current mask:	ffffffff current npc:	8000037c stack size: 0
core   0: 0x80000404 (0x0000c65b) vblt    v0, v1, pc + 12
core   0: 3 0x80000404 (0x0000c65b) c8_vstart 0x00000000 e32 m1 l32 current mask:	ffffffff current npc:	80000410 stack size: 0
core   0: 0x80000410 (0x0000205b) join    v0, v0, pc + 0
core   0: 3 0x80000410 (0x0000205b) current mask:	ffffffff current npc:	80000410 stack size: 0
core   0: 0x80000414 (0xffc12083) lw      x1, -4(x2)
core   0: 3 0x80000414 (0xffc12083) x1  0x800004b4 mem 0x7000001c
core   0: 0x80000418 (0xffc10113) addi    x2, x2, -4
core   0: 3 0x80000418 (0xffc10113) x2  0x7000001c
core   0: 0x8000041c (0x00008067) ret
core   0: 3 0x8000041c (0x00008067)
core   0: 0x800004b4 (0x80902373) csrr    x6, gidy
core   0: 3 0x800004b4 (0x80902373) x6  0x00000000
core   0: 0x800004b8 (0x01c52383) lw      x7, 28(x10)
core   0: 3 0x800004b8 (0x01c52383) x7  0x00000005 mem 0x9002501c
core   0: 0x800004bc (0x02852e83) lw      x29, 40(x10)
core   0: 3 0x800004bc (0x02852e83) x29 0x00000000 mem 0x90025028
core   0: 0x800004c0 (0x02730e33) mul     x28, x6, x7
core   0: 3 0x800004c0 (0x02730e33) x28 0x00000000
core   0: 0x800004c4 (0x01de0e33) add     x28, x28, x29
core   0: 3 0x800004c4 (0x01de0e33) x28 0x00000000
core   0: 0x800004c8 (0x020e4057) vadd.vx v0, v0, x28
core   0: 3 0x800004c8 (0x020e4057) c8_vstart 0x00000000 e32 m1 l32 v0  ffffffff 0x00000001 00000000 00000004 00000003 00000002 00000001 00000000 00000004 00000003 00000002 00000001 00000000 00000004 00000003 00000002 00000001 00000000 00000004 00000003 00000002 00000001 00000000 00000004 00000003 00000002 00000001 00000000 00000004 00000003 00000002 00000001 00000000 
core   0: 0x800004cc (0xffc12083) lw      x1, -4(x2)
core   0: 3 0x800004cc (0xffc12083) x1  0x80000380 mem 0x70000018
core   0: 0x800004d0 (0xffc10113) addi    x2, x2, -4
core   0: 3 0x800004d0 (0xffc10113) x2  0x70000018
core   0: 0x800004d4 (0x00008067) ret
core   0: 3 0x800004d4 (0x00008067)
core   0: 0x80000380 (0x0080006f) j       pc + 0x8
core   0: 3 0x80000380 (0x0080006f)
core   0: 0x80000388 (0x0000205b) join    v0, v0, pc + 0
core   0: 3 0x80000388 (0x0000205b) current mask:	ffffffff current npc:	80000410 stack size: 0
core   0: 0x8000038c (0xffc12083) lw      x1, -4(x2)
core   0: 3 0x8000038c (0xffc12083) x1  0x80000114 mem 0x70000014
core   0: 0x80000390 (0xffc10113) addi    x2, x2, -4
core   0: 3 0x80000390 (0xffc10113) x2  0x70000014
core   0: 0x80000394 (0x00008067) ret
core   0: 3 0x80000394 (0x00008067)
core   0: 0x80000114 (0x0010200b) regext  x0, x0,  0 0 0 1 
core   0: 3 0x80000114 (0x0010200b)
core   0: 0x80000118 (0x02004157) vadd.vx v2, v0, x0
core   0: 3 0x80000118 (0x02004157) c8_vstart 0x00000000 e32 m1 l32 v34 ffffffff 0x00000001 00000000 00000004 00000003 00000002 00000001 00000000 00000004 00000003 00000002 00000001 00000000 00000004 00000003 00000002 00000001 00000000 00000004 00000003 00000002 00000001 00000000 00000004 00000003 00000002 00000001 00000000 00000004 00000003 00000002 00000001 00000000 
core   0: 0x8000011c (0x00200293) li      x5, 2
core   0: 3 0x8000011c (0x00200293) x5  0x00000002
core   0: 0x80000120 (0x5e02c057) vmv.v.x v0, x5
core   0: 3 0x80000120 (0x5e02c057) c8_vstart 0x00000000 e32 m1 l32 v0  ffffffff 0x00000002 00000002 00000002 00000002 00000002 00000002 00000002 00000002 00000002 00000002 00000002 00000002 00000002 00000002 00000002 00000002 00000002 00000002 00000002 00000002 00000002 00000002 00000002 00000002 00000002 00000002 00000002 00000002 00000002 00000002 00000002 00000002 
core   0: 0x80000124 (0x200000ef) jal     pc + 0x200
core   0: 3 0x80000124 (0x200000ef) x1  0x80000128
core   0: 0x80000324 (0x00410113) addi    x2, x2, 4
core   0: 3 0x80000324 (0x00410113) x2  0x70000018
core   0: 0x80000328 (0xfe112e23) sw      x1, -4(x2)
core   0: 3 0x80000328 (0xfe112e23) mem 0x70000014 0x80000128
core   0: 0x8000032c (0x00200293) li      x5, 2
core   0: 3 0x8000032c (0x00200293) x5  0x00000002
core   0: 0x80000330 (0x5e02c0d7) vmv.v.x v1, x5
core   0: 3 0x80000330 (0x5e02c0d7) c8_vstart 0x00000000 e32 m1 l32 v1  ffffffff 0x00000002 00000002 00000002 00000002 00000002 00000002 00000002 00000002 00000002 00000002 00000002 00000002 00000002 00000002 00000002 00000002 00000002 00000002 00000002 00000002 00000002 00000002 00000002 00000002 00000002 00000002 00000002 00000002 00000002 00000002 00000002 00000002 
core   0: 0x80000334 (0x00000317) auipc   x6, 0x0
core   0: 3 0x80000334 (0x00000317) x6  0x80000334
core   0: 0x80000338 (0x0543305b) setrpc  x0, x6, 84
core   0: 3 0x80000338 (0x0543305b) c2060_rpc 0x80000388 current mask:	ffffffff current npc:	80000410 stack size: 0
core   0: 0x8000033c (0x0400845b) vbeq    v0, v1, pc + 72
core   0: 3 0x8000033c (0x0400845b) c8_vstart 0x00000000 e32 m1 l32 current mask:	ffffffff current npc:	80000384 stack size: 0
core   0: 0x80000384 (0x154000ef) jal     pc + 0x154
core   0: 3 0x80000384 (0x154000ef) x1  0x80000388
core   0: 0x800004d8 (0x00410113) addi    x2, x2, 4
core   0: 3 0x800004d8 (0x00410113) x2  0x7000001c
core   0: 0x800004dc (0xfe112e23) sw      x1, -4(x2)
core   0: 3 0x800004dc (0xfe112e23) mem 0x70000018 0x80000388
core   0: 0x800004e0 (0xf41ff0ef) jal     pc - 0xc0
core   0: 3 0x800004e0 (0xf41ff0ef) x1  0x800004e4
core   0: 0x80000420 (0x00410113) addi    x2, x2, 4
core   0: 3 0x80000420 (0x00410113) x2  0x70000020
core   0: 0x80000424 (0xfe112e23) sw      x1, -4(x2)
core   0: 3 0x80000424 (0xfe112e23) mem 0x7000001c 0x800004e4
core   0: 0x80000428 (0x80302573) csrr    x10, knl
core   0: 3 0x80000428 (0x80302573) x10 0x90025000
core   0: 0x8000042c (0x80002373) csrr    x6, tid
core   0: 3 0x8000042c (0x80002373) x6  0x00000000
core   0: 0x80000430 (0x5208a157) vid.v   v2
core   0: 3 0x80000430 (0x5208a157) c8_vstart 0x00000000 e32 m1 l32 v2  ffffffff 0x0000001f 0000001e 0000001d 0000001c 0000001b 0000001a 00000019 00000018 00000017 00000016 00000015 00000014 00000013 00000012 00000011 00000010 0000000f 0000000e 0000000d 0000000c 0000000b 0000000a 00000009 00000008 00000007 00000006 00000005 00000004 00000003 00000002 00000001 00000000 
core   0: 0x80000434 (0x02234057) vadd.vx v0, v2, x6
core   0: 3 0x80000434 (0x02234057) c8_vstart 0x00000000 e32 m1 l32 v0  ffffffff 0x0000001f 0000001e 0000001d 0000001c 0000001b 0000001a 00000019 00000018 00000017 00000016 00000015 00000014 00000013 00000012 00000011 00000010 0000000f 0000000e 0000000d 0000000c 0000000b 0000000a 00000009 00000008 00000007 00000006 00000005 00000004 00000003 00000002 00000001 00000000 
core   0: 0x80000438 (0x01852e03) lw      x28, 24(x10)
core   0: 3 0x80000438 (0x01852e03) x28 0x00000001 mem 0x90025018
core   0: 0x8000043c (0x01c52e83) lw      x29, 28(x10)
core   0: 3 0x8000043c (0x01c52e83) x29 0x00000005 mem 0x9002501c
core   0: 0x80000440 (0x02052f03) lw      x30, 32(x10)
core   0: 3 0x80000440 (0x02052f03) x30 0x00000005 mem 0x90025020
core   0: 0x80000444 (0x03ce8eb3) mul     x29, x29, x28
core   0: 3 0x80000444 (0x03ce8eb3) x29 0x00000005
core   0: 0x80000448 (0x820ee057) vdivu.vx v0, v0, x29
core   0: 3 0x80000448 (0x820ee057) c8_vstart 0x00000000 e32 m1 l32 v0  ffffffff 0x00000006 00000006 00000005 00000005 00000005 00000005 00000005 00000004 00000004 00000004 00000004 00000004 00000003 00000003 00000003 00000003 00000003 00000002 00000002 00000002 00000002 00000002 00000001 00000001 00000001 00000001 00000001 00000000 00000000 00000000 00000000 00000000 
core   0: 0x8000044c (0x5e0f40d7) vmv.v.x v1, x30
core   0: 3 0x8000044c (0x5e0f40d7) c8_vstart 0x00000000 e32 m1 l32 v1  ffffffff 0x00000005 00000005 00000005 00000005 00000005 00000005 00000005 00000005 00000005 00000005 00000005 00000005 00000005 00000005 00000005 00000005 00000005 00000005 00000005 00000005 00000005 00000005 00000005 00000005 00000005 00000005 00000005 00000005 00000005 00000005 00000005 00000005 
core   0: 0x80000450 (0x00000317) auipc   x6, 0x0
core   0: 3 0x80000450 (0x00000317) x6  0x80000450
core   0: 0x80000454 (0x0143305b) setrpc  x0, x6, 20
core   0: 3 0x80000454 (0x0143305b) c2060_rpc 0x80000464 current mask:	ffffffff current npc:	80000384 stack size: 0
core   0: 0x80000458 (0x0000c65b) vblt    v0, v1, pc + 12
core   0: 3 0x80000458 (0x0000c65b) c8_vstart 0x00000000 e32 m1 l32 current mask:	fe000000 current npc:	8000045c stack size: 2
[r_pc] 80000464 [else_pc] 80000464 [else_mask] 01ffffff 
[r_pc] 80000464 [else_pc] 80000464 [else_mask] ffffffff 
core   0: 0x8000045c (0xfff00f13) li      x30, -1
core   0: 3 0x8000045c (0xfff00f13) x30 0xffffffff
core   0: 0x80000460 (0x021f4057) vadd.vx v0, v1, x30
core   0: 3 0x80000460 (0x021f4057) c8_vstart 0x00000000 e32 m1 l32 v0  fe000000 0x00000004 00000004 00000004 00000004 00000004 00000004 00000004 00000004 00000004 00000004 00000004 00000004 00000003 00000003 00000003 00000003 00000003 00000002 00000002 00000002 00000002 00000002 00000001 00000001 00000001 00000001 00000001 00000000 00000000 00000000 00000000 00000000 
core   0: 0x80000464 (0x0000205b) join    v0, v0, pc + 0
core   0: 3 0x80000464 (0x0000205b) current mask:	01ffffff current npc:	80000464 stack size: 1
[r_pc] 80000464 [else_pc] 80000464 [else_mask] ffffffff 
core   0: 3 0x80000464 (0x0000205b) current mask:	ffffffff current npc:	80000464 stack size: 0
core   0: 3 0x80000464 (0x0000205b) current mask:	ffffffff current npc:	80000464 stack size: 0
core   0: Executed 3 times
core   0: 0x80000468 (0xffc12083) lw      x1, -4(x2)
core   0: 3 0x80000468 (0xffc12083) x1  0x800004e4 mem 0x7000001c
core   0: 0x8000046c (0xffc10113) addi    x2, x2, -4
core   0: 3 0x8000046c (0xffc10113) x2  0x7000001c
core   0: 0x80000470 (0x00008067) ret
core   0: 3 0x80000470 (0x00008067)
core   0: 0x800004e4 (0x80302573) csrr    x10, knl
core   0: 3 0x800004e4 (0x80302573) x10 0x90025000
core   0: 0x800004e8 (0x80a02373) csrr    x6, gidz
core   0: 3 0x800004e8 (0x80a02373) x6  0x00000000
core   0: 0x800004ec (0x02052383) lw      x7, 32(x10)
core   0: 3 0x800004ec (0x02052383) x7  0x00000005 mem 0x90025020
core   0: 0x800004f0 (0x02c52e03) lw      x28, 44(x10)
core   0: 3 0x800004f0 (0x02c52e03) x28 0x00000000 mem 0x9002502c
core   0: 0x800004f4 (0x026383b3) mul     x7, x7, x6
core   0: 3 0x800004f4 (0x026383b3) x7  0x00000000
core   0: 0x800004f8 (0x01c383b3) add     x7, x7, x28
core   0: 3 0x800004f8 (0x01c383b3) x7  0x00000000
core   0: 0x800004fc (0x0203c057) vadd.vx v0, v0, x7
core   0: 3 0x800004fc (0x0203c057) c8_vstart 0x00000000 e32 m1 l32 v0  ffffffff 0x00000004 00000004 00000004 00000004 00000004 00000004 00000004 00000004 00000004 00000004 00000004 00000004 00000003 00000003 00000003 00000003 00000003 00000002 00000002 00000002 00000002 00000002 00000001 00000001 00000001 00000001 00000001 00000000 00000000 00000000 00000000 00000000 
core   0: 0x80000500 (0xffc12083) lw      x1, -4(x2)
core   0: 3 0x80000500 (0xffc12083) x1  0x80000388 mem 0x70000018
core   0: 0x80000504 (0xffc10113) addi    x2, x2, -4
core   0: 3 0x80000504 (0xffc10113) x2  0x70000018
core   0: 0x80000508 (0x00008067) ret
core   0: 3 0x80000508 (0x00008067)
core   0: 0x80000388 (0x0000205b) join    v0, v0, pc + 0
core   0: 3 0x80000388 (0x0000205b) current mask:	ffffffff current npc:	80000464 stack size: 0
core   0: 0x8000038c (0xffc12083) lw      x1, -4(x2)
core   0: 3 0x8000038c (0xffc12083) x1  0x80000128 mem 0x70000014
core   0: 0x80000390 (0xffc10113) addi    x2, x2, -4
core   0: 3 0x80000390 (0xffc10113) x2  0x70000014
core   0: 0x80000394 (0x00008067) ret
core   0: 3 0x80000394 (0x00008067)
core   0: 0x80000128 (0xff012803) lw      x16, -16(x2)
core   0: 3 0x80000128 (0xff012803) x16 0x00000001 mem 0x70000004
core   0: 0x8000012c (0x0400200b) regext  x0, x0,  0 1 0 0 
core   0: 3 0x8000012c (0x0400200b)
core   0: 0x80000130 (0x961130d7) vsll.vi v1, v1, 2
core   0: 3 0x80000130 (0x961130d7) c8_vstart 0x00000000 e32 m1 l32 v1  ffffffff 0x00000000 00000000 00000000 00000000 00000000 00000000 00000000 00000000 00000000 00000000 00000000 00000000 00000000 00000000 00000000 00000000 00000000 00000000 00000000 00000000 00000000 00000000 00000000 00000000 00000000 00000000 00000000 00000000 00000000 00000000 00000000 00000000 
core   0: 0x80000134 (0xff412283) lw      x5, -12(x2)
core   0: 3 0x80000134 (0xff412283) x5  0x90003000 mem 0x70000008
core   0: 0x80000138 (0x0212c0d7) vadd.vx v1, v1, x5
core   0: 3 0x80000138 (0x0212c0d7) c8_vstart 0x00000000 e32 m1 l32 v1  ffffffff 0x90003000 90003000 90003000 90003000 90003000 90003000 90003000 90003000 90003000 90003000 90003000 90003000 90003000 90003000 90003000 90003000 90003000 90003000 90003000 90003000 90003000 90003000 90003000 90003000 90003000 90003000 90003000 90003000 90003000 90003000 90003000 90003000 
core   0: 0x8000013c (0x0000a0fb) vlw12.v v1, v1, 0
core   0: 3 0x8000013c (0x0000a0fb) e32 m1 l32 v1  ffffffff 0x3ade121e 3ade121e 3ade121e 3ade121e 3ade121e 3ade121e 3ade121e 3ade121e 3ade121e 3ade121e 3ade121e 3ade121e 3ade121e 3ade121e 3ade121e 3ade121e 3ade121e 3ade121e 3ade121e 3ade121e 3ade121e 3ade121e 3ade121e 3ade121e 3ade121e 3ade121e 3ade121e 3ade121e 3ade121e 3ade121e 3ade121e 3ade121e  c8_vstart 0x00000000 mem 0x90003000 mem 0x90003000 mem 0x90003000 mem 0x90003000 mem 0x90003000 mem 0x90003000 mem 0x90003000 mem 0x90003000 mem 0x90003000 mem 0x90003000 mem 0x90003000 mem 0x90003000 mem 0x90003000 mem 0x90003000 mem 0x90003000 mem 0x90003000 mem 0x90003000 mem 0x90003000 mem 0x90003000 mem 0x90003000 mem 0x90003000 mem 0x90003000 mem 0x90003000 mem 0x90003000 mem 0x90003000 mem 0x90003000 mem 0x90003000 mem 0x90003000 mem 0x90003000 mem 0x90003000 mem 0x90003000 mem 0x90003000
core   0: 0x80000140 (0x01004663) blt     x0, x16, pc + 12
core   0: 3 0x80000140 (0x01004663)
core   0: 0x8000014c (0x5e004157) vmv.v.x v2, x0
core   0: 3 0x8000014c (0x5e004157) c8_vstart 0x00000000 e32 m1 l32 v2  ffffffff 0x00000000 00000000 00000000 00000000 00000000 00000000 00000000 00000000 00000000 00000000 00000000 00000000 00000000 00000000 00000000 00000000 00000000 00000000 00000000 00000000 00000000 00000000 00000000 00000000 00000000 00000000 00000000 00000000 00000000 00000000 00000000 00000000 
core   0: 0x80000150 (0xff812783) lw      x15, -8(x2)
core   0: 3 0x80000150 (0xff812783) x15 0x90004000 mem 0x7000000c
core   0: 0x80000154 (0x0347a303) lw      x6, 52(x15)
core   0: 3 0x80000154 (0x0347a303) x6  0x00000005 mem 0x90004034
core   0: 0x80000158 (0x0307a583) lw      x11, 48(x15)
core   0: 3 0x80000158 (0x0307a583) x11 0x00000005 mem 0x90004030
core   0: 0x8000015c (0x0207a283) lw      x5, 32(x15)
core   0: 3 0x8000015c (0x0207a283) x5  0x00000005 mem 0x90004020
core   0: 0x80000160 (0x01c7a383) lw      x7, 28(x15)
core   0: 3 0x80000160 (0x01c7a383) x7  0x00000005 mem 0x9000401c
core   0: 0x80000164 (0x0187a483) lw      x9, 24(x15)
core   0: 3 0x80000164 (0x0187a483) x9  0x0000001c mem 0x90004018
core   0: 0x80000168 (0x0147a503) lw      x10, 20(x15)
core   0: 3 0x80000168 (0x0147a503) x10 0x0000001c mem 0x90004014
core   0: 0x8000016c (0x0047a603) lw      x12, 4(x15)
core   0: 3 0x8000016c (0x0047a603) x12 0x90002000 mem 0x90004004
core   0: 0x80000170 (0x0400200b) regext  x0, x0,  0 1 0 0 
core   0: 3 0x80000170 (0x0400200b)
core   0: 0x80000174 (0x9625e1d7) vmul.vx v3, v2, x11
core   0: 3 0x80000174 (0x9625e1d7) c8_vstart 0x00000000 e32 m1 l32 v3  ffffffff 0x00000005 00000000 00000014 0000000f 0000000a 00000005 00000000 00000014 0000000f 0000000a 00000005 00000000 00000014 0000000f 0000000a 00000005 00000000 00000014 0000000f 0000000a 00000005 00000000 00000014 0000000f 0000000a 00000005 00000000 00000014 0000000f 0000000a 00000005 00000000 
core   0: 0x80000178 (0x027285b3) mul     x11, x5, x7
core   0: 3 0x80000178 (0x027285b3) x11 0x00000019
core   0: 0x8000017c (0x0007a683) lw      x13, 0(x15)
core   0: 3 0x8000017c (0x0007a683) x13 0x90000000 mem 0x90004000
core   0: 0x80000180 (0x96036257) vmul.vx v4, v0, x6
core   0: 3 0x80000180 (0x96036257) c8_vstart 0x00000000 e32 m1 l32 v4  ffffffff 0x00000014 00000014 00000014 00000014 00000014 00000014 00000014 00000014 00000014 00000014 00000014 00000014 0000000f 0000000f 0000000f 0000000f 0000000f 0000000a 0000000a 0000000a 0000000a 0000000a 00000005 00000005 00000005 00000005 00000005 00000000 00000000 00000000 00000000 00000000 
core   0: 0x80000184 (0x0400200b) regext  x0, x0,  0 1 0 0 
core   0: 3 0x80000184 (0x0400200b)
core   0: 0x80000188 (0x9615e2d7) vmul.vx v5, v1, x11
core   0: 3 0x80000188 (0x9615e2d7) c8_vstart 0x00000000 e32 m1 l32 v5  ffffffff 0x00000000 00000000 00000000 00000000 00000000 00000000 00000000 00000000 00000000 00000000 00000000 00000000 00000000 00000000 00000000 00000000 00000000 00000000 00000000 00000000 00000000 00000000 00000000 00000000 00000000 00000000 00000000 00000000 00000000 00000000 00000000 00000000 
core   0: 0x8000018c (0x965862d7) vmul.vx v5, v5, x16
core   0: 3 0x8000018c (0x965862d7) c8_vstart 0x00000000 e32 m1 l32 v5  ffffffff 0x00000000 00000000 00000000 00000000 00000000 00000000 00000000 00000000 00000000 00000000 00000000 00000000 00000000 00000000 00000000 00000000 00000000 00000000 00000000 00000000 00000000 00000000 00000000 00000000 00000000 00000000 00000000 00000000 00000000 00000000 00000000 00000000 
core   0: 0x80000190 (0x965132d7) vsll.vi v5, v5, 2
core   0: 3 0x80000190 (0x965132d7) c8_vstart 0x00000000 e32 m1 l32 v5  ffffffff 0x00000000 00000000 00000000 00000000 00000000 00000000 00000000 00000000 00000000 00000000 00000000 00000000 00000000 00000000 00000000 00000000 00000000 00000000 00000000 00000000 00000000 00000000 00000000 00000000 00000000 00000000 00000000 00000000 00000000 00000000 00000000 00000000 
core   0: 0x80000194 (0x025642d7) vadd.vx v5, v5, x12
core   0: 3 0x80000194 (0x025642d7) c8_vstart 0x00000000 e32 m1 l32 v5  ffffffff 0x90002000 90002000 90002000 90002000 90002000 90002000 90002000 90002000 90002000 90002000 90002000 90002000 90002000 90002000 90002000 90002000 90002000 90002000 90002000 90002000 90002000 90002000 90002000 90002000 90002000 90002000 90002000 90002000 90002000 90002000 90002000 90002000 
core   0: 0x80000198 (0x00259593) slli    x11, x11, 2
core   0: 3 0x80000198 (0x00259593) x11 0x00000064
core   0: 0x8000019c (0x00229613) slli    x12, x5, 2
core   0: 3 0x8000019c (0x00229613) x12 0x00000014
core   0: 0x800001a0 (0x02304357) vadd.vx v6, v3, x0
core   0: 3 0x800001a0 (0x02304357) c8_vstart 0x00000000 e32 m1 l32 v6  ffffffff 0x00000005 00000000 00000014 0000000f 0000000a 00000005 00000000 00000014 0000000f 0000000a 00000005 00000000 00000014 0000000f 0000000a 00000005 00000000 00000014 0000000f 0000000a 00000005 00000000 00000014 0000000f 0000000a 00000005 00000000 00000014 0000000f 0000000a 00000005 00000000 
core   0: 0x800001a4 (0xa644e357) vmadd.vx v6, v4, x9
core   0: 3 0x800001a4 (0xa644e357) c8_vstart 0x00000000 e32 m1 l32 v6  ffffffff 0x000000a0 00000014 00000244 000001b8 0000012c 000000a0 00000014 00000244 000001b8 0000012c 000000a0 00000014 0000023f 000001b3 00000127 0000009b 0000000f 0000023a 000001ae 00000122 00000096 0000000a 00000235 000001a9 0000011d 00000091 00000005 00000230 000001a4 00000118 0000008c 00000000 
core   0: 0x800001a8 (0x02a48333) mul     x6, x9, x10
core   0: 3 0x800001a8 (0x02a48333) x6  0x00000310
core   0: 0x800001ac (0x96613357) vsll.vi v6, v6, 2
core   0: 3 0x800001ac (0x96613357) c8_vstart 0x00000000 e32 m1 l32 v6  ffffffff 0x00000280 00000050 00000910 000006e0 000004b0 00000280 00000050 00000910 000006e0 000004b0 00000280 00000050 000008fc 000006cc 0000049c 0000026c 0000003c 000008e8 000006b8 00000488 00000258 00000028 000008d4 000006a4 00000474 00000244 00000014 000008c0 00000690 00000460 00000230 00000000 
core   0: 0x800001b0 (0x0266c357) vadd.vx v6, v6, x13
core   0: 3 0x800001b0 (0x0266c357) c8_vstart 0x00000000 e32 m1 l32 v6  ffffffff 0x90000280 90000050 90000910 900006e0 900004b0 90000280 90000050 90000910 900006e0 900004b0 90000280 90000050 900008fc 900006cc 9000049c 9000026c 9000003c 900008e8 900006b8 90000488 90000258 90000028 900008d4 900006a4 90000474 90000244 90000014 900008c0 90000690 90000460 90000230 90000000 
core   0: 0x800001b4 (0x00231693) slli    x13, x6, 2
core   0: 3 0x800001b4 (0x00231693) x13 0x00000c40
core   0: 0x800001b8 (0x00249713) slli    x14, x9, 2
core   0: 3 0x800001b8 (0x00249713) x14 0x00000070
core   0: 0x800001bc (0x00704463) blt     x0, x7, pc + 8
core   0: 3 0x800001bc (0x00704463)
core   0: 0x800001c4 (0x5e0043d7) vmv.v.x v7, x0
core   0: 3 0x800001c4 (0x5e0043d7) c8_vstart 0x00000000 e32 m1 l32 v7  ffffffff 0x00000000 00000000 00000000 00000000 00000000 00000000 00000000 00000000 00000000 00000000 00000000 00000000 00000000 00000000 00000000 00000000 00000000 00000000 00000000 00000000 00000000 00000000 00000000 00000000 00000000 00000000 00000000 00000000 00000000 00000000 00000000 00000000 
core   0: 0x800001c8 (0x02604457) vadd.vx v8, v6, x0
core   0: 3 0x800001c8 (0x02604457) c8_vstart 0x00000000 e32 m1 l32 v8  ffffffff 0x90000280 90000050 90000910 900006e0 900004b0 90000280 90000050 90000910 900006e0 900004b0 90000280 90000050 900008fc 900006cc 9000049c 9000026c 9000003c 900008e8 900006b8 90000488 90000258 90000028 900008d4 900006a4 90000474 90000244 90000014 900008c0 90000690 90000460 90000230 90000000 
core   0: 0x800001cc (0x025044d7) vadd.vx v9, v5, x0
core   0: 3 0x800001cc (0x025044d7) c8_vstart 0x00000000 e32 m1 l32 v9  ffffffff 0x90002000 90002000 90002000 90002000 90002000 90002000 90002000 90002000 90002000 90002000 90002000 90002000 90002000 90002000 90002000 90002000 90002000 90002000 90002000 90002000 90002000 90002000 90002000 90002000 90002000 90002000 90002000 90002000 90002000 90002000 90002000 90002000 
core   0: 0x800001d0 (0x0940006f) j       pc + 0x94
core   0: 3 0x800001d0 (0x0940006f)
core   0: 0x80000264 (0x00504463) blt     x0, x5, pc + 8
core   0: 3 0x80000264 (0x00504463)
core   0: 0x8000026c (0x02718557) vadd.vv v10, v7, v3
core   0: 3 0x8000026c (0x02718557) c8_vstart 0x00000000 e32 m1 l32 v10 ffffffff 0x00000005 00000000 00000014 0000000f 0000000a 00000005 00000000 00000014 0000000f 0000000a 00000005 00000000 00000014 0000000f 0000000a 00000005 00000000 00000014 0000000f 0000000a 00000005 00000000 00000014 0000000f 0000000a 00000005 00000000 00000014 0000000f 0000000a 00000005 00000000 
core   0: 0x80000270 (0x028045d7) vadd.vx v11, v8, x0
core   0: 3 0x80000270 (0x028045d7) c8_vstart 0x00000000 e32 m1 l32 v11 ffffffff 0x90000280 90000050 90000910 900006e0 900004b0 90000280 90000050 90000910 900006e0 900004b0 90000280 90000050 900008fc 900006cc 9000049c 9000026c 9000003c 900008e8 900006b8 90000488 90000258 90000028 900008d4 900006a4 90000474 90000244 90000014 900008c0 90000690 90000460 90000230 90000000 
core   0: 0x80000274 (0x02404657) vadd.vx v12, v4, x0
core   0: 3 0x80000274 (0x02404657) c8_vstart 0x00000000 e32 m1 l32 v12 ffffffff 0x00000014 00000014 00000014 00000014 00000014 00000014 00000014 00000014 00000014 00000014 00000014 00000014 0000000f 0000000f 0000000f 0000000f 0000000f 0000000a 0000000a 0000000a 0000000a 0000000a 00000005 00000005 00000005 00000005 00000005 00000000 00000000 00000000 00000000 00000000 
core   0: 0x80000278 (0x5e02c6d7) vmv.v.x v13, x5
core   0: 3 0x80000278 (0x5e02c6d7) c8_vstart 0x00000000 e32 m1 l32 v13 ffffffff 0x00000005 00000005 00000005 00000005 00000005 00000005 00000005 00000005 00000005 00000005 00000005 00000005 00000005 00000005 00000005 00000005 00000005 00000005 00000005 00000005 00000005 00000005 00000005 00000005 00000005 00000005 00000005 00000005 00000005 00000005 00000005 00000005 
core   0: 0x8000027c (0x02904757) vadd.vx v14, v9, x0
core   0: 3 0x8000027c (0x02904757) c8_vstart 0x00000000 e32 m1 l32 v14 ffffffff 0x90002000 90002000 90002000 90002000 90002000 90002000 90002000 90002000 90002000 90002000 90002000 90002000 90002000 90002000 90002000 90002000 90002000 90002000 90002000 90002000 90002000 90002000 90002000 90002000 90002000 90002000 90002000 90002000 90002000 90002000 90002000 90002000 
core   0: 0x80000280 (0x04c0006f) j       pc + 0x4c
core   0: 3 0x80000280 (0x04c0006f)
core   0: 0x800002cc (0x5e0047d7) vmv.v.x v15, x0
core   0: 3 0x800002cc (0x5e0047d7) c8_vstart 0x00000000 e32 m1 l32 v15 ffffffff 0x00000000 00000000 00000000 00000000 00000000 00000000 00000000 00000000 00000000 00000000 00000000 00000000 00000000 00000000 00000000 00000000 00000000 00000000 00000000 00000000 00000000 00000000 00000000 00000000 00000000 00000000 00000000 00000000 00000000 00000000 00000000 00000000 
core   0: 0x800002d0 (0x6ea54857) vmslt.vx v16, v10, x10
core   0: 3 0x800002d0 (0x6ea54857) c8_vstart 0x00000000 e32 m1 l32 v16 ffffffff 0x00000001 00000001 00000001 00000001 00000001 00000001 00000001 00000001 00000001 00000001 00000001 00000001 00000001 00000001 00000001 00000001 00000001 00000001 00000001 00000001 00000001 00000001 00000001 00000001 00000001 00000001 00000001 00000001 00000001 00000001 00000001 00000001 
core   0: 0x800002d4 (0x6ec4c8d7) vmslt.vx v17, v12, x9
core   0: 3 0x800002d4 (0x6ec4c8d7) c8_vstart 0x00000000 e32 m1 l32 v17 ffffffff 0x00000001 00000001 00000001 00000001 00000001 00000001 00000001 00000001 00000001 00000001 00000001 00000001 00000001 00000001 00000001 00000001 00000001 00000001 00000001 00000001 00000001 00000001 00000001 00000001 00000001 00000001 00000001 00000001 00000001 00000001 00000001 00000001 
core   0: 0x800002d8 (0x27088857) vand.vv v16, v16, v17
core   0: 3 0x800002d8 (0x27088857) c8_vstart 0x00000000 e32 m1 l32 v16 ffffffff 0x00000001 00000001 00000001 00000001 00000001 00000001 00000001 00000001 00000001 00000001 00000001 00000001 00000001 00000001 00000001 00000001 00000001 00000001 00000001 00000001 00000001 00000001 00000001 00000001 00000001 00000001 00000001 00000001 00000001 00000001 00000001 00000001 
core   0: 0x800002dc (0x00000317) auipc   x6, 0x0
core   0: 3 0x800002dc (0x00000317) x6  0x800002dc
core   0: 0x800002e0 (0x0203305b) setrpc  x0, x6, 32
core   0: 3 0x800002e0 (0x0203305b) c2060_rpc 0x800002fc current mask:	ffffffff current npc:	80000464 stack size: 0
core   0: 0x800002e4 (0x0107945b) vbne    v16, v15, pc + 8
core   0: 3 0x800002e4 (0x0107945b) c8_vstart 0x00000000 e32 m1 l32 current mask:	ffffffff current npc:	800002ec stack size: 0
core   0: 0x800002ec (0x0005a7fb) vlw12.v v15, v11, 0
core   0: 3 0x800002ec (0x0005a7fb) e32 m1 l32 v15 ffffffff 0x00000000 00000000 00000000 00000000 3f7efeff 00000000 00000000 00000000 00000000 3f7efeff 00000000 00000000 3f5bdbdc 00000000 3e868687 00000000 00000000 00000000 00000000 00000000 00000000 00000000 00000000 00000000 00000000 00000000 00000000 00000000 00000000 00000000 00000000 00000000  c8_vstart 0x00000000 mem 0x90000000 mem 0x90000230 mem 0x90000460 mem 0x90000690 mem 0x900008c0 mem 0x90000014 mem 0x90000244 mem 0x90000474 mem 0x900006a4 mem 0x900008d4 mem 0x90000028 mem 0x90000258 mem 0x90000488 mem 0x900006b8 mem 0x900008e8 mem 0x9000003c mem 0x9000026c mem 0x9000049c mem 0x900006cc mem 0x900008fc mem 0x90000050 mem 0x90000280 mem 0x900004b0 mem 0x900006e0 mem 0x90000910 mem 0x90000050 mem 0x90000280 mem 0x900004b0 mem 0x900006e0 mem 0x90000910 mem 0x90000050 mem 0x90000280
core   0: 0x800002f0 (0x0007287b) vlw12.v v16, v14, 0
core   0: 3 0x800002f0 (0x0007287b) e32 m1 l32 v16 ffffffff 0x3ee5bbba 3ee5bbba 3ee5bbba 3ee5bbba 3ee5bbba 3ee5bbba 3ee5bbba 3ee5bbba 3ee5bbba 3ee5bbba 3ee5bbba 3ee5bbba 3ee5bbba 3ee5bbba 3ee5bbba 3ee5bbba 3ee5bbba 3ee5bbba 3ee5bbba 3ee5bbba 3ee5bbba 3ee5bbba 3ee5bbba 3ee5bbba 3ee5bbba 3ee5bbba 3ee5bbba 3ee5bbba 3ee5bbba 3ee5bbba 3ee5bbba 3ee5bbba  c8_vstart 0x00000000 mem 0x90002000 mem 0x90002000 mem 0x90002000 mem 0x90002000 mem 0x90002000 mem 0x90002000 mem 0x90002000 mem 0x90002000 mem 0x90002000 mem 0x90002000 mem 0x90002000 mem 0x90002000 mem 0x90002000 mem 0x90002000 mem 0x90002000 mem 0x90002000 mem 0x90002000 mem 0x90002000 mem 0x90002000 mem 0x90002000 mem 0x90002000 mem 0x90002000 mem 0x90002000 mem 0x90002000 mem 0x90002000 mem 0x90002000 mem 0x90002000 mem 0x90002000 mem 0x90002000 mem 0x90002000 mem 0x90002000 mem 0x90002000
core   0: 0x800002f4 (0xa21817d7) vfmadd.vv v15, v1, v16
core   0: 3 0x800002f4 (0xa21817d7) c8_vstart 0x00000000 c1_fflags 0x00000001 e32 m1 l32 v15 ffffffff 0x3ade121e 3ade121e 3ade121e 3ade121e 3ee5b32a 3ade121e 3ade121e 3ade121e 3ade121e 3ee5b32a 3ade121e 3ade121e 3ec62af7 3ade121e 3df4ea42 3ade121e 3ade121e 3ade121e 3ade121e 3ade121e 3ade121e 3ade121e 3ade121e 3ade121e 3ade121e 3ade121e 3ade121e 3ade121e 3ade121e 3ade121e 3ade121e 3ade121e 
core   0: 0x800002f8 (0x02f040d7) vadd.vx v1, v15, x0
core   0: 3 0x800002f8 (0x02f040d7) c8_vstart 0x00000000 e32 m1 l32 v1  ffffffff 0x3ade121e 3ade121e 3ade121e 3ade121e 3ee5b32a 3ade121e 3ade121e 3ade121e 3ade121e 3ee5b32a 3ade121e 3ade121e 3ec62af7 3ade121e 3df4ea42 3ade121e 3ade121e 3ade121e 3ade121e 3ade121e 3ade121e 3ade121e 3ade121e 3ade121e 3ade121e 3ade121e 3ade121e 3ade121e 3ade121e 3ade121e 3ade121e 3ade121e 
core   0: 0x800002fc (0x0000205b) join    v0, v0, pc + 0
core   0: 3 0x800002fc (0x0000205b) current mask:	ffffffff current npc:	800002ec stack size: 0
core   0: 0x80000300 (0x5e0047d7) vmv.v.x v15, x0
core   0: 3 0x80000300 (0x5e0047d7) c8_vstart 0x00000000 e32 m1 l32 v15 ffffffff 0x00000000 00000000 00000000 00000000 00000000 00000000 00000000 00000000 00000000 00000000 00000000 00000000 00000000 00000000 00000000 00000000 00000000 00000000 00000000 00000000 00000000 00000000 00000000 00000000 00000000 00000000 00000000 00000000 00000000 00000000 00000000 00000000 
core   0: 0x80000304 (0x02e23757) vadd.vi v14, v14, 4
core   0: 3 0x80000304 (0x02e23757) c8_vstart 0x00000000 e32 m1 l32 v14 ffffffff 0x90002004 90002004 90002004 90002004 90002004 90002004 90002004 90002004 90002004 90002004 90002004 90002004 90002004 90002004 90002004 90002004 90002004 90002004 90002004 90002004 90002004 90002004 90002004 90002004 90002004 90002004 90002004 90002004 90002004 90002004 90002004 90002004 
core   0: 0x80000308 (0x0016968b) vsub12.vi v13, v13, 1
core   0: 3 0x80000308 (0x0016968b) c8_vstart 0x00000000 e32 m1 l32 v13 ffffffff 0x00000004 00000004 00000004 00000004 00000004 00000004 00000004 00000004 00000004 00000004 00000004 00000004 00000004 00000004 00000004 00000004 00000004 00000004 00000004 00000004 00000004 00000004 00000004 00000004 00000004 00000004 00000004 00000004 00000004 00000004 00000004 00000004 
core   0: 0x8000030c (0x02c0b657) vadd.vi v12, v12, 1
core   0: 3 0x8000030c (0x02c0b657) c8_vstart 0x00000000 e32 m1 l32 v12 ffffffff 0x00000015 00000015 00000015 00000015 00000015 00000015 00000015 00000015 00000015 00000015 00000015 00000015 00000010 00000010 00000010 00000010 00000010 0000000b 0000000b 0000000b 0000000b 0000000b 00000006 00000006 00000006 00000006 00000006 00000001 00000001 00000001 00000001 00000001 
core   0: 0x80000310 (0x02b235d7) vadd.vi v11, v11, 4
core   0: 3 0x80000310 (0x02b235d7) c8_vstart 0x00000000 e32 m1 l32 v11 ffffffff 0x90000284 90000054 90000914 900006e4 900004b4 90000284 90000054 90000914 900006e4 900004b4 90000284 90000054 90000900 900006d0 900004a0 90000270 90000040 900008ec 900006bc 9000048c 9000025c 9000002c 900008d8 900006a8 90000478 90000248 90000018 900008c4 90000694 90000464 90000234 90000004 
core   0: 0x80000314 (0x00000317) auipc   x6, 0x0
core   0: 3 0x80000314 (0x00000317) x6  0x80000314
core   0: 0x80000318 (0xf943305b) setrpc  x0, x6, -108
core   0: 3 0x80000318 (0xf943305b) c2060_rpc 0x800002a8 current mask:	ffffffff current npc:	800002ec stack size: 0
core   0: 0x8000031c (0xf8d786db) vbeq    v13, v15, pc - 116
core   0: 3 0x8000031c (0xf8d786db) c8_vstart 0x00000000 e32 m1 l32 current mask:	ffffffff current npc:	80000320 stack size: 0
core   0: 0x80000320 (0xfadff06f) j       pc - 0x54
core   0: 3 0x80000320 (0xfadff06f)
core   0: 0x800002cc (0x5e0047d7) vmv.v.x v15, x0
core   0: 3 0x800002cc (0x5e0047d7) c8_vstart 0x00000000 e32 m1 l32 v15 ffffffff 0x00000000 00000000 00000000 00000000 00000000 00000000 00000000 00000000 00000000 00000000 00000000 00000000 00000000 00000000 00000000 00000000 00000000 00000000 00000000 00000000 00000000 00000000 00000000 00000000 00000000 00000000 00000000 00000000 00000000 00000000 00000000 00000000 
core   0: 0x800002d0 (0x6ea54857) vmslt.vx v16, v10, x10
core   0: 3 0x800002d0 (0x6ea54857) c8_vstart 0x00000000 e32 m1 l32 v16 ffffffff 0x00000001 00000001 00000001 00000001 00000001 00000001 00000001 00000001 00000001 00000001 00000001 00000001 00000001 00000001 00000001 00000001 00000001 00000001 00000001 00000001 00000001 00000001 00000001 00000001 00000001 00000001 00000001 00000001 00000001 00000001 00000001 00000001 
core   0: 0x800002d4 (0x6ec4c8d7) vmslt.vx v17, v12, x9
core   0: 3 0x800002d4 (0x6ec4c8d7) c8_vstart 0x00000000 e32 m1 l32 v17 ffffffff 0x00000001 00000001 00000001 00000001 00000001 00000001 00000001 00000001 00000001 00000001 00000001 00000001 00000001 00000001 00000001 00000001 00000001 00000001 00000001 00000001 00000001 00000001 00000001 00000001 00000001 00000001 00000001 00000001 00000001 00000001 00000001 00000001 
core   0: 0x800002d8 (0x27088857) vand.vv v16, v16, v17
core   0: 3 0x800002d8 (0x27088857) c8_vstart 0x00000000 e32 m1 l32 v16 ffffffff 0x00000001 00000001 00000001 00000001 00000001 00000001 00000001 00000001 00000001 00000001 00000001 00000001 00000001 00000001 00000001 00000001 00000001 00000001 00000001 00000001 00000001 00000001 00000001 00000001 00000001 00000001 00000001 00000001 00000001 00000001 00000001 00000001 
core   0: 0x800002dc (0x00000317) auipc   x6, 0x0
core   0: 3 0x800002dc (0x00000317) x6  0x800002dc
core   0: 0x800002e0 (0x0203305b) setrpc  x0, x6, 32
core   0: 3 0x800002e0 (0x0203305b) c2060_rpc 0x800002fc current mask:	ffffffff current npc:	80000320 stack size: 0
core   0: 0x800002e4 (0x0107945b) vbne    v16, v15, pc + 8
core   0: 3 0x800002e4 (0x0107945b) c8_vstart 0x00000000 e32 m1 l32 current mask:	ffffffff current npc:	800002ec stack size: 0
core   0: 0x800002ec (0x0005a7fb) vlw12.v v15, v11, 0
core   0: 3 0x800002ec (0x0005a7fb) e32 m1 l32 v15 ffffffff 0x00000000 00000000 00000000 00000000 3ed4d4d5 00000000 00000000 00000000 00000000 3ed4d4d5 00000000 00000000 3e0c8c8d 3f058586 3e868687 00000000 00000000 00000000 00000000 3d888889 00000000 00000000 00000000 00000000 00000000 00000000 00000000 00000000 00000000 00000000 00000000 00000000  c8_vstart 0x00000000 mem 0x90000004 mem 0x90000234 mem 0x90000464 mem 0x90000694 mem 0x900008c4 mem 0x90000018 mem 0x90000248 mem 0x90000478 mem 0x900006a8 mem 0x900008d8 mem 0x9000002c mem 0x9000025c mem 0x9000048c mem 0x900006bc mem 0x900008ec mem 0x90000040 mem 0x90000270 mem 0x900004a0 mem 0x900006d0 mem 0x90000900 mem 0x90000054 mem 0x90000284 mem 0x900004b4 mem 0x900006e4 mem 0x90000914 mem 0x90000054 mem 0x90000284 mem 0x900004b4 mem 0x900006e4 mem 0x90000914 mem 0x90000054 mem 0x90000284
core   0: 0x800002f0 (0x0007287b) vlw12.v v16, v14, 0
core   0: 3 0x800002f0 (0x0007287b) e32 m1 l32 v16 ffffffff 0x3f1399fa 3f1399fa 3f1399fa 3f1399fa 3f1399fa 3f1399fa 3f1399fa 3f1399fa 3f1399fa 3f1399fa 3f1399fa 3f1399fa 3f1399fa 3f1399fa 3f1399fa 3f1399fa 3f1399fa 3f1399fa 3f1399fa 3f1399fa 3f1399fa 3f1399fa 3f1399fa 3f1399fa 3f1399fa 3f1399fa 3f1399fa 3f1399fa 3f1399fa 3f1399fa 3f1399fa 3f1399fa  c8_vstart 0x00000000 mem 0x90002004 mem 0x90002004 mem 0x90002004 mem 0x90002004 mem 0x90002004 mem 0x90002004 mem 0x90002004 mem 0x90002004 mem 0x90002004 mem 0x90002004 mem 0x90002004 mem 0x90002004 mem 0x90002004 mem 0x90002004 mem 0x90002004 mem 0x90002004 mem 0x90002004 mem 0x90002004 mem 0x90002004 mem 0x90002004 mem 0x90002004 mem 0x90002004 mem 0x90002004 mem 0x90002004 mem 0x90002004 mem 0x90002004 mem 0x90002004 mem 0x90002004 mem 0x90002004 mem 0x90002004 mem 0x90002004 mem 0x90002004
core   0: 0x800002f4 (0xa21817d7) vfmadd.vv v15, v1, v16
core   0: 3 0x800002f4 (0xa21817d7) c8_vstart 0x00000000 c1_fflags 0x00000001 e32 m1 l32 v15 ffffffff 0x3ade121e 3ade121e 3ade121e 3ade121e 3f3034b2 3ade121e 3ade121e 3ade121e 3ade121e 3f3034b2 3ade121e 3ade121e 3eeeaf96 3e9ad608 3e8acaba 3ade121e 3ade121e 3ade121e 3ade121e 3d24619c 3ade121e 3ade121e 3ade121e 3ade121e 3ade121e 3ade121e 3ade121e 3ade121e 3ade121e 3ade121e 3ade121e 3ade121e 
core   0: 0x800002f8 (0x02f040d7) vadd.vx v1, v15, x0
core   0: 3 0x800002f8 (0x02f040d7) c8_vstart 0x00000000 e32 m1 l32 v1  ffffffff 0x3ade121e 3ade121e 3ade121e 3ade121e 3f3034b2 3ade121e 3ade121e 3ade121e 3ade121e 3f3034b2 3ade121e 3ade121e 3eeeaf96 3e9ad608 3e8acaba 3ade121e 3ade121e 3ade121e 3ade121e 3d24619c 3ade121e 3ade121e 3ade121e 3ade121e 3ade121e 3ade121e 3ade121e 3ade121e 3ade121e 3ade121e 3ade121e 3ade121e 
core   0: 0x800002fc (0x0000205b) join    v0, v0, pc + 0
core   0: 3 0x800002fc (0x0000205b) current mask:	ffffffff current npc:	800002ec stack size: 0
core   0: 0x80000300 (0x5e0047d7) vmv.v.x v15, x0
core   0: 3 0x80000300 (0x5e0047d7) c8_vstart 0x00000000 e32 m1 l32 v15 ffffffff 0x00000000 00000000 00000000 00000000 00000000 00000000 00000000 00000000 00000000 00000000 00000000 00000000 00000000 00000000 00000000 00000000 00000000 00000000 00000000 00000000 00000000 00000000 00000000 00000000 00000000 00000000 00000000 00000000 00000000 00000000 00000000 00000000 
core   0: 0x80000304 (0x02e23757) vadd.vi v14, v14, 4
core   0: 3 0x80000304 (0x02e23757) c8_vstart 0x00000000 e32 m1 l32 v14 ffffffff 0x90002008 90002008 90002008 90002008 90002008 90002008 90002008 90002008 90002008 90002008 90002008 90002008 90002008 90002008 90002008 90002008 90002008 90002008 90002008 90002008 90002008 90002008 90002008 90002008 90002008 90002008 90002008 90002008 90002008 90002008 90002008 90002008 
core   0: 0x80000308 (0x0016968b) vsub12.vi v13, v13, 1
core   0: 3 0x80000308 (0x0016968b) c8_vstart 0x00000000 e32 m1 l32 v13 ffffffff 0x00000003 00000003 00000003 00000003 00000003 00000003 00000003 00000003 00000003 00000003 00000003 00000003 00000003 00000003 00000003 00000003 00000003 00000003 00000003 00000003 00000003 00000003 00000003 00000003 00000003 00000003 00000003 00000003 00000003 00000003 00000003 00000003 
core   0: 0x8000030c (0x02c0b657) vadd.vi v12, v12, 1
core   0: 3 0x8000030c (0x02c0b657) c8_vstart 0x00000000 e32 m1 l32 v12 ffffffff 0x00000016 00000016 00000016 00000016 00000016 00000016 00000016 00000016 00000016 00000016 00000016 00000016 00000011 00000011 00000011 00000011 00000011 0000000c 0000000c 0000000c 0000000c 0000000c 00000007 00000007 00000007 00000007 00000007 00000002 00000002 00000002 00000002 00000002 
core   0: 0x80000310 (0x02b235d7) vadd.vi v11, v11, 4
core   0: 3 0x80000310 (0x02b235d7) c8_vstart 0x00000000 e32 m1 l32 v11 ffffffff 0x90000288 90000058 90000918 900006e8 900004b8 90000288 90000058 90000918 900006e8 900004b8 90000288 90000058 90000904 900006d4 900004a4 90000274 90000044 900008f0 900006c0 90000490 90000260 90000030 900008dc 900006ac 9000047c 9000024c 9000001c 900008c8 90000698 90000468 90000238 90000008 
core   0: 0x80000314 (0x00000317) auipc   x6, 0x0
core   0: 3 0x80000314 (0x00000317) x6  0x80000314
core   0: 0x80000318 (0xf943305b) setrpc  x0, x6, -108
core   0: 3 0x80000318 (0xf943305b) c2060_rpc 0x800002a8 current mask:	ffffffff current npc:	800002ec stack size: 0
core   0: 0x8000031c (0xf8d786db) vbeq    v13, v15, pc - 116
core   0: 3 0x8000031c (0xf8d786db) c8_vstart 0x00000000 e32 m1 l32 current mask:	ffffffff current npc:	80000320 stack size: 0
core   0: 0x80000320 (0xfadff06f) j       pc - 0x54
core   0: 3 0x80000320 (0xfadff06f)
core   0: 0x800002cc (0x5e0047d7) vmv.v.x v15, x0
core   0: 3 0x800002cc (0x5e0047d7) c8_vstart 0x00000000 e32 m1 l32 v15 ffffffff 0x00000000 00000000 00000000 00000000 00000000 00000000 00000000 00000000 00000000 00000000 00000000 00000000 00000000 00000000 00000000 00000000 00000000 00000000 00000000 00000000 00000000 00000000 00000000 00000000 00000000 00000000 00000000 00000000 00000000 00000000 00000000 00000000 
core   0: 0x800002d0 (0x6ea54857) vmslt.vx v16, v10, x10
core   0: 3 0x800002d0 (0x6ea54857) c8_vstart 0x00000000 e32 m1 l32 v16 ffffffff 0x00000001 00000001 00000001 00000001 00000001 00000001 00000001 00000001 00000001 00000001 00000001 00000001 00000001 00000001 00000001 00000001 00000001 00000001 00000001 00000001 00000001 00000001 00000001 00000001 00000001 00000001 00000001 00000001 00000001 00000001 00000001 00000001 
core   0: 0x800002d4 (0x6ec4c8d7) vmslt.vx v17, v12, x9
core   0: 3 0x800002d4 (0x6ec4c8d7) c8_vstart 0x00000000 e32 m1 l32 v17 ffffffff 0x00000001 00000001 00000001 00000001 00000001 00000001 00000001 00000001 00000001 00000001 00000001 00000001 00000001 00000001 00000001 00000001 00000001 00000001 00000001 00000001 00000001 00000001 00000001 00000001 00000001 00000001 00000001 00000001 00000001 00000001 00000001 00000001 
core   0: 0x800002d8 (0x27088857) vand.vv v16, v16, v17
core   0: 3 0x800002d8 (0x27088857) c8_vstart 0x00000000 e32 m1 l32 v16 ffffffff 0x00000001 00000001 00000001 00000001 00000001 00000001 00000001 00000001 00000001 00000001 00000001 00000001 00000001 00000001 00000001 00000001 00000001 00000001 00000001 00000001 00000001 00000001 00000001 00000001 00000001 00000001 00000001 00000001 00000001 00000001 00000001 00000001 
core   0: 0x800002dc (0x00000317) auipc   x6, 0x0
core   0: 3 0x800002dc (0x00000317) x6  0x800002dc
core   0: 0x800002e0 (0x0203305b) setrpc  x0, x6, 32
core   0: 3 0x800002e0 (0x0203305b) c2060_rpc 0x800002fc current mask:	ffffffff current npc:	80000320 stack size: 0
core   0: 0x800002e4 (0x0107945b) vbne    v16, v15, pc + 8
core   0: 3 0x800002e4 (0x0107945b) c8_vstart 0x00000000 e32 m1 l32 current mask:	ffffffff current npc:	800002ec stack size: 0
core   0: 0x800002ec (0x0005a7fb) vlw12.v v15, v11, 0
core   0: 3 0x800002ec (0x0005a7fb) e32 m1 l32 v15 ffffffff 0x00000000 00000000 00000000 00000000 00000000 00000000 00000000 00000000 00000000 00000000 00000000 00000000 00000000 3f7efeff 3e6ceced 00000000 00000000 3c40c0c1 00000000 3e848485 00000000 00000000 00000000 00000000 00000000 00000000 00000000 00000000 00000000 00000000 00000000 00000000  c8_vstart 0x00000000 mem 0x90000008 mem 0x90000238 mem 0x90000468 mem 0x90000698 mem 0x900008c8 mem 0x9000001c mem 0x9000024c mem 0x9000047c mem 0x900006ac mem 0x900008dc mem 0x90000030 mem 0x90000260 mem 0x90000490 mem 0x900006c0 mem 0x900008f0 mem 0x90000044 mem 0x90000274 mem 0x900004a4 mem 0x900006d4 mem 0x90000904 mem 0x90000058 mem 0x90000288 mem 0x900004b8 mem 0x900006e8 mem 0x90000918 mem 0x90000058 mem 0x90000288 mem 0x900004b8 mem 0x900006e8 mem 0x90000918 mem 0x90000058 mem 0x90000288
core   0: 0x800002f0 (0x0007287b) vlw12.v v16, v14, 0
core   0: 3 0x800002f0 (0x0007287b) e32 m1 l32 v16 ffffffff 0x3edf80b6 3edf80b6 3edf80b6 3edf80b6 3edf80b6 3edf80b6 3edf80b6 3edf80b6 3edf80b6 3edf80b6 3edf80b6 3edf80b6 3edf80b6 3edf80b6 3edf80b6 3edf80b6 3edf80b6 3edf80b6 3edf80b6 3edf80b6 3edf80b6 3edf80b6 3edf80b6 3edf80b6 3edf80b6 3edf80b6 3edf80b6 3edf80b6 3edf80b6 3edf80b6 3edf80b6 3edf80b6  c8_vstart 0x00000000 mem 0x90002008 mem 0x90002008 mem 0x90002008 mem 0x90002008 mem 0x90002008 mem 0x90002008 mem 0x90002008 mem 0x90002008 mem 0x90002008 mem 0x90002008 mem 0x90002008 mem 0x90002008 mem 0x90002008 mem 0x90002008 mem 0x90002008 mem 0x90002008 mem 0x90002008 mem 0x90002008 mem 0x90002008 mem 0x90002008 mem 0x90002008 mem 0x90002008 mem 0x90002008 mem 0x90002008 mem 0x90002008 mem 0x90002008 mem 0x90002008 mem 0x90002008 mem 0x90002008 mem 0x90002008 mem 0x90002008 mem 0x90002008
core   0: 0x800002f4 (0xa21817d7) vfmadd.vv v15, v1, v16
core   0: 3 0x800002f4 (0xa21817d7) c8_vstart 0x00000000 c1_fflags 0x00000001 e32 m1 l32 v15 ffffffff 0x3ade121e 3ade121e 3ade121e 3ade121e 3f3034b2 3ade121e 3ade121e 3ade121e 3ade121e 3f3034b2 3ade121e 3ade121e 3eeeaf96 3f3cbb2e 3ebe811a 3ade121e 3ade121e 3bdfcd59 3ade121e 3e1cca77 3ade121e 3ade121e 3ade121e 3ade121e 3ade121e 3ade121e 3ade121e 3ade121e 3ade121e 3ade121e 3ade121e 3ade121e 
core   0: 0x800002f8 (0x02f040d7) vadd.vx v1, v15, x0
core   0: 3 0x800002f8 (0x02f040d7) c8_vstart 0x00000000 e32 m1 l32 v1  ffffffff 0x3ade121e 3ade121e 3ade121e 3ade121e 3f3034b2 3ade121e 3ade121e 3ade121e 3ade121e 3f3034b2 3ade121e 3ade121e 3eeeaf96 3f3cbb2e 3ebe811a 3ade121e 3ade121e 3bdfcd59 3ade121e 3e1cca77 3ade121e 3ade121e 3ade121e 3ade121e 3ade121e 3ade121e 3ade121e 3ade121e 3ade121e 3ade121e 3ade121e 3ade121e 
core   0: 0x800002fc (0x0000205b) join    v0, v0, pc + 0
core   0: 3 0x800002fc (0x0000205b) current mask:	ffffffff current npc:	800002ec stack size: 0
core   0: 0x80000300 (0x5e0047d7) vmv.v.x v15, x0
core   0: 3 0x80000300 (0x5e0047d7) c8_vstart 0x00000000 e32 m1 l32 v15 ffffffff 0x00000000 00000000 00000000 00000000 00000000 00000000 00000000 00000000 00000000 00000000 00000000 00000000 00000000 00000000 00000000 00000000 00000000 00000000 00000000 00000000 00000000 00000000 00000000 00000000 00000000 00000000 00000000 00000000 00000000 00000000 00000000 00000000 
core   0: 0x80000304 (0x02e23757) vadd.vi v14, v14, 4
core   0: 3 0x80000304 (0x02e23757) c8_vstart 0x00000000 e32 m1 l32 v14 ffffffff 0x9000200c 9000200c 9000200c 9000200c 9000200c 9000200c 9000200c 9000200c 9000200c 9000200c 9000200c 9000200c 9000200c 9000200c 9000200c 9000200c 9000200c 9000200c 9000200c 9000200c 9000200c 9000200c 9000200c 9000200c 9000200c 9000200c 9000200c 9000200c 9000200c 9000200c 9000200c 9000200c 
core   0: 0x80000308 (0x0016968b) vsub12.vi v13, v13, 1
core   0: 3 0x80000308 (0x0016968b) c8_vstart 0x00000000 e32 m1 l32 v13 ffffffff 0x00000002 00000002 00000002 00000002 00000002 00000002 00000002 00000002 00000002 00000002 00000002 00000002 00000002 00000002 00000002 00000002 00000002 00000002 00000002 00000002 00000002 00000002 00000002 00000002 00000002 00000002 00000002 00000002 00000002 00000002 00000002 00000002 
core   0: 0x8000030c (0x02c0b657) vadd.vi v12, v12, 1
core   0: 3 0x8000030c (0x02c0b657) c8_vstart 0x00000000 e32 m1 l32 v12 ffffffff 0x00000017 00000017 00000017 00000017 00000017 00000017 00000017 00000017 00000017 00000017 00000017 00000017 00000012 00000012 00000012 00000012 00000012 0000000d 0000000d 0000000d 0000000d 0000000d 00000008 00000008 00000008 00000008 00000008 00000003 00000003 00000003 00000003 00000003 
core   0: 0x80000310 (0x02b235d7) vadd.vi v11, v11, 4
core   0: 3 0x80000310 (0x02b235d7) c8_vstart 0x00000000 e32 m1 l32 v11 ffffffff 0x9000028c 9000005c 9000091c 900006ec 900004bc 9000028c 9000005c 9000091c 900006ec 900004bc 9000028c 9000005c 90000908 900006d8 900004a8 90000278 90000048 900008f4 900006c4 90000494 90000264 90000034 900008e0 900006b0 90000480 90000250 90000020 900008cc 9000069c 9000046c 9000023c 9000000c 
core   0: 0x80000314 (0x00000317) auipc   x6, 0x0
core   0: 3 0x80000314 (0x00000317) x6  0x80000314
core   0: 0x80000318 (0xf943305b) setrpc  x0, x6, -108
core   0: 3 0x80000318 (0xf943305b) c2060_rpc 0x800002a8 current mask:	ffffffff current npc:	800002ec stack size: 0
core   0: 0x8000031c (0xf8d786db) vbeq    v13, v15, pc - 116
core   0: 3 0x8000031c (0xf8d786db) c8_vstart 0x00000000 e32 m1 l32 current mask:	ffffffff current npc:	80000320 stack size: 0
core   0: 0x80000320 (0xfadff06f) j       pc - 0x54
core   0: 3 0x80000320 (0xfadff06f)
core   0: 0x800002cc (0x5e0047d7) vmv.v.x v15, x0
core   0: 3 0x800002cc (0x5e0047d7) c8_vstart 0x00000000 e32 m1 l32 v15 ffffffff 0x00000000 00000000 00000000 00000000 00000000 00000000 00000000 00000000 00000000 00000000 00000000 00000000 00000000 00000000 00000000 00000000 00000000 00000000 00000000 00000000 00000000 00000000 00000000 00000000 00000000 00000000 00000000 00000000 00000000 00000000 00000000 00000000 
core   0: 0x800002d0 (0x6ea54857) vmslt.vx v16, v10, x10
core   0: 3 0x800002d0 (0x6ea54857) c8_vstart 0x00000000 e32 m1 l32 v16 ffffffff 0x00000001 00000001 00000001 00000001 00000001 00000001 00000001 00000001 00000001 00000001 00000001 00000001 00000001 00000001 00000001 00000001 00000001 00000001 00000001 00000001 00000001 00000001 00000001 00000001 00000001 00000001 00000001 00000001 00000001 00000001 00000001 00000001 
core   0: 0x800002d4 (0x6ec4c8d7) vmslt.vx v17, v12, x9
core   0: 3 0x800002d4 (0x6ec4c8d7) c8_vstart 0x00000000 e32 m1 l32 v17 ffffffff 0x00000001 00000001 00000001 00000001 00000001 00000001 00000001 00000001 00000001 00000001 00000001 00000001 00000001 00000001 00000001 00000001 00000001 00000001 00000001 00000001 00000001 00000001 00000001 00000001 00000001 00000001 00000001 00000001 00000001 00000001 00000001 00000001 
core   0: 0x800002d8 (0x27088857) vand.vv v16, v16, v17
core   0: 3 0x800002d8 (0x27088857) c8_vstart 0x00000000 e32 m1 l32 v16 ffffffff 0x00000001 00000001 00000001 00000001 00000001 00000001 00000001 00000001 00000001 00000001 00000001 00000001 00000001 00000001 00000001 00000001 00000001 00000001 00000001 00000001 00000001 00000001 00000001 00000001 00000001 00000001 00000001 00000001 00000001 00000001 00000001 00000001 
core   0: 0x800002dc (0x00000317) auipc   x6, 0x0
core   0: 3 0x800002dc (0x00000317) x6  0x800002dc
core   0: 0x800002e0 (0x0203305b) setrpc  x0, x6, 32
core   0: 3 0x800002e0 (0x0203305b) c2060_rpc 0x800002fc current mask:	ffffffff current npc:	80000320 stack size: 0
core   0: 0x800002e4 (0x0107945b) vbne    v16, v15, pc + 8
core   0: 3 0x800002e4 (0x0107945b) c8_vstart 0x00000000 e32 m1 l32 current mask:	ffffffff current npc:	800002ec stack size: 0
core   0: 0x800002ec (0x0005a7fb) vlw12.v v15, v11, 0
core   0: 3 0x800002ec (0x0005a7fb) e32 m1 l32 v15 ffffffff 0x00000000 00000000 00000000 00000000 00000000 00000000 00000000 00000000 00000000 00000000 00000000 00000000 00000000 3f3bbbbc 3da8a8a9 00000000 00000000 3f4bcbcc 00000000 3d60e0e1 00000000 00000000 00000000 00000000 00000000 00000000 00000000 00000000 00000000 00000000 00000000 00000000  c8_vstart 0x00000000 mem 0x9000000c mem 0x9000023c mem 0x9000046c mem 0x9000069c mem 0x900008cc mem 0x90000020 mem 0x90000250 mem 0x90000480 mem 0x900006b0 mem 0x900008e0 mem 0x90000034 mem 0x90000264 mem 0x90000494 mem 0x900006c4 mem 0x900008f4 mem 0x90000048 mem 0x90000278 mem 0x900004a8 mem 0x900006d8 mem 0x90000908 mem 0x9000005c mem 0x9000028c mem 0x900004bc mem 0x900006ec mem 0x9000091c mem 0x9000005c mem 0x9000028c mem 0x900004bc mem 0x900006ec mem 0x9000091c mem 0x9000005c mem 0x9000028c
core   0: 0x800002f0 (0x0007287b) vlw12.v v16, v14, 0
core   0: 3 0x800002f0 (0x0007287b) e32 m1 l32 v16 ffffffff 0x3eea2729 3eea2729 3eea2729 3eea2729 3eea2729 3eea2729 3eea2729 3eea2729 3eea2729 3eea2729 3eea2729 3eea2729 3eea2729 3eea2729 3eea2729 3eea2729 3eea2729 3eea2729 3eea2729 3eea2729 3eea2729 3eea2729 3eea2729 3eea2729 3eea2729 3eea2729 3eea2729 3eea2729 3eea2729 3eea2729 3eea2729 3eea2729  c8_vstart 0x00000000 mem 0x9000200c mem 0x9000200c mem 0x9000200c mem 0x9000200c mem 0x9000200c mem 0x9000200c mem 0x9000200c mem 0x9000200c mem 0x9000200c mem 0x9000200c mem 0x9000200c mem 0x9000200c mem 0x9000200c mem 0x9000200c mem 0x9000200c mem 0x9000200c mem 0x9000200c mem 0x9000200c mem 0x9000200c mem 0x9000200c mem 0x9000200c mem 0x9000200c mem 0x9000200c mem 0x9000200c mem 0x9000200c mem 0x9000200c mem 0x9000200c mem 0x9000200c mem 0x9000200c mem 0x9000200c mem 0x9000200c mem 0x9000200c
core   0: 0x800002f4 (0xa21817d7) vfmadd.vv v15, v1, v16
core   0: 3 0x800002f4 (0xa21817d7) c8_vstart 0x00000000 c1_fflags 0x00000001 e32 m1 l32 v15 ffffffff 0x3ade121e 3ade121e 3ade121e 3ade121e 3f3034b2 3ade121e 3ade121e 3ade121e 3ade121e 3f3034b2 3ade121e 3ade121e 3eeeaf96 3f894b2b 3ed1c999 3ade121e 3ade121e 3ebde6ab 3ade121e 3e368075 3ade121e 3ade121e 3ade121e 3ade121e 3ade121e 3ade121e 3ade121e 3ade121e 3ade121e 3ade121e 3ade121e 3ade121e 
core   0: 0x800002f8 (0x02f040d7) vadd.vx v1, v15, x0
core   0: 3 0x800002f8 (0x02f040d7) c8_vstart 0x00000000 e32 m1 l32 v1  ffffffff 0x3ade121e 3ade121e 3ade121e 3ade121e 3f3034b2 3ade121e 3ade121e 3ade121e 3ade121e 3f3034b2 3ade121e 3ade121e 3eeeaf96 3f894b2b 3ed1c999 3ade121e 3ade121e 3ebde6ab 3ade121e 3e368075 3ade121e 3ade121e 3ade121e 3ade121e 3ade121e 3ade121e 3ade121e 3ade121e 3ade121e 3ade121e 3ade121e 3ade121e 
core   0: 0x800002fc (0x0000205b) join    v0, v0, pc + 0
core   0: 3 0x800002fc (0x0000205b) current mask:	ffffffff current npc:	800002ec stack size: 0
core   0: 0x80000300 (0x5e0047d7) vmv.v.x v15, x0
core   0: 3 0x80000300 (0x5e0047d7) c8_vstart 0x00000000 e32 m1 l32 v15 ffffffff 0x00000000 00000000 00000000 00000000 00000000 00000000 00000000 00000000 00000000 00000000 00000000 00000000 00000000 00000000 00000000 00000000 00000000 00000000 00000000 00000000 00000000 00000000 00000000 00000000 00000000 00000000 00000000 00000000 00000000 00000000 00000000 00000000 
core   0: 0x80000304 (0x02e23757) vadd.vi v14, v14, 4
core   0: 3 0x80000304 (0x02e23757) c8_vstart 0x00000000 e32 m1 l32 v14 ffffffff 0x90002010 90002010 90002010 90002010 90002010 90002010 90002010 90002010 90002010 90002010 90002010 90002010 90002010 90002010 90002010 90002010 90002010 90002010 90002010 90002010 90002010 90002010 90002010 90002010 90002010 90002010 90002010 90002010 90002010 90002010 90002010 90002010 
core   0: 0x80000308 (0x0016968b) vsub12.vi v13, v13, 1
core   0: 3 0x80000308 (0x0016968b) c8_vstart 0x00000000 e32 m1 l32 v13 ffffffff 0x00000001 00000001 00000001 00000001 00000001 00000001 00000001 00000001 00000001 00000001 00000001 00000001 00000001 00000001 00000001 00000001 00000001 00000001 00000001 00000001 00000001 00000001 00000001 00000001 00000001 00000001 00000001 00000001 00000001 00000001 00000001 00000001 
core   0: 0x8000030c (0x02c0b657) vadd.vi v12, v12, 1
core   0: 3 0x8000030c (0x02c0b657) c8_vstart 0x00000000 e32 m1 l32 v12 ffffffff 0x00000018 00000018 00000018 00000018 00000018 00000018 00000018 00000018 00000018 00000018 00000018 00000018 00000013 00000013 00000013 00000013 00000013 0000000e 0000000e 0000000e 0000000e 0000000e 00000009 00000009 00000009 00000009 00000009 00000004 00000004 00000004 00000004 00000004 
core   0: 0x80000310 (0x02b235d7) vadd.vi v11, v11, 4
core   0: 3 0x80000310 (0x02b235d7) c8_vstart 0x00000000 e32 m1 l32 v11 ffffffff 0x90000290 90000060 90000920 900006f0 900004c0 90000290 90000060 90000920 900006f0 900004c0 90000290 90000060 9000090c 900006dc 900004ac 9000027c 9000004c 900008f8 900006c8 90000498 90000268 90000038 900008e4 900006b4 90000484 90000254 90000024 900008d0 900006a0 90000470 90000240 90000010 
core   0: 0x80000314 (0x00000317) auipc   x6, 0x0
core   0: 3 0x80000314 (0x00000317) x6  0x80000314
core   0: 0x80000318 (0xf943305b) setrpc  x0, x6, -108
core   0: 3 0x80000318 (0xf943305b) c2060_rpc 0x800002a8 current mask:	ffffffff current npc:	800002ec stack size: 0
core   0: 0x8000031c (0xf8d786db) vbeq    v13, v15, pc - 116
core   0: 3 0x8000031c (0xf8d786db) c8_vstart 0x00000000 e32 m1 l32 current mask:	ffffffff current npc:	80000320 stack size: 0
core   0: 0x80000320 (0xfadff06f) j       pc - 0x54
core   0: 3 0x80000320 (0xfadff06f)
core   0: 0x800002cc (0x5e0047d7) vmv.v.x v15, x0
core   0: 3 0x800002cc (0x5e0047d7) c8_vstart 0x00000000 e32 m1 l32 v15 ffffffff 0x00000000 00000000 00000000 00000000 00000000 00000000 00000000 00000000 00000000 00000000 00000000 00000000 00000000 00000000 00000000 00000000 00000000 00000000 00000000 00000000 00000000 00000000 00000000 00000000 00000000 00000000 00000000 00000000 00000000 00000000 00000000 00000000 
core   0: 0x800002d0 (0x6ea54857) vmslt.vx v16, v10, x10
core   0: 3 0x800002d0 (0x6ea54857) c8_vstart 0x00000000 e32 m1 l32 v16 ffffffff 0x00000001 00000001 00000001 00000001 00000001 00000001 00000001 00000001 00000001 00000001 00000001 00000001 00000001 00000001 00000001 00000001 00000001 00000001 00000001 00000001 00000001 00000001 00000001 00000001 00000001 00000001 00000001 00000001 00000001 00000001 00000001 00000001 
core   0: 0x800002d4 (0x6ec4c8d7) vmslt.vx v17, v12, x9
core   0: 3 0x800002d4 (0x6ec4c8d7) c8_vstart 0x00000000 e32 m1 l32 v17 ffffffff 0x00000001 00000001 00000001 00000001 00000001 00000001 00000001 00000001 00000001 00000001 00000001 00000001 00000001 00000001 00000001 00000001 00000001 00000001 00000001 00000001 00000001 00000001 00000001 00000001 00000001 00000001 00000001 00000001 00000001 00000001 00000001 00000001 
core   0: 0x800002d8 (0x27088857) vand.vv v16, v16, v17
core   0: 3 0x800002d8 (0x27088857) c8_vstart 0x00000000 e32 m1 l32 v16 ffffffff 0x00000001 00000001 00000001 00000001 00000001 00000001 00000001 00000001 00000001 00000001 00000001 00000001 00000001 00000001 00000001 00000001 00000001 00000001 00000001 00000001 00000001 00000001 00000001 00000001 00000001 00000001 00000001 00000001 00000001 00000001 00000001 00000001 
core   0: 0x800002dc (0x00000317) auipc   x6, 0x0
core   0: 3 0x800002dc (0x00000317) x6  0x800002dc
core   0: 0x800002e0 (0x0203305b) setrpc  x0, x6, 32
core   0: 3 0x800002e0 (0x0203305b) c2060_rpc 0x800002fc current mask:	ffffffff current npc:	80000320 stack size: 0
core   0: 0x800002e4 (0x0107945b) vbne    v16, v15, pc + 8
core   0: 3 0x800002e4 (0x0107945b) c8_vstart 0x00000000 e32 m1 l32 current mask:	ffffffff current npc:	800002ec stack size: 0
core   0: 0x800002ec (0x0005a7fb) vlw12.v v15, v11, 0
core   0: 3 0x800002ec (0x0005a7fb) e32 m1 l32 v15 ffffffff 0x00000000 00000000 00000000 00000000 00000000 00000000 00000000 00000000 00000000 00000000 00000000 00000000 00000000 3ca0a0a1 3f6ceced 00000000 00000000 3f7efeff 00000000 3e868687 00000000 00000000 00000000 00000000 00000000 00000000 00000000 00000000 00000000 00000000 00000000 00000000  c8_vstart 0x00000000 mem 0x90000010 mem 0x90000240 mem 0x90000470 mem 0x900006a0 mem 0x900008d0 mem 0x90000024 mem 0x90000254 mem 0x90000484 mem 0x900006b4 mem 0x900008e4 mem 0x90000038 mem 0x90000268 mem 0x90000498 mem 0x900006c8 mem 0x900008f8 mem 0x9000004c mem 0x9000027c mem 0x900004ac mem 0x900006dc mem 0x9000090c mem 0x90000060 mem 0x90000290 mem 0x900004c0 mem 0x900006f0 mem 0x90000920 mem 0x90000060 mem 0x90000290 mem 0x900004c0 mem 0x900006f0 mem 0x90000920 mem 0x90000060 mem 0x90000290
core   0: 0x800002f0 (0x0007287b) vlw12.v v16, v14, 0
core   0: 3 0x800002f0 (0x0007287b) e32 m1 l32 v16 ffffffff 0x3f406dff 3f406dff 3f406dff 3f406dff 3f406dff 3f406dff 3f406dff 3f406dff 3f406dff 3f406dff 3f406dff 3f406dff 3f406dff 3f406dff 3f406dff 3f406dff 3f406dff 3f406dff 3f406dff 3f406dff 3f406dff 3f406dff 3f406dff 3f406dff 3f406dff 3f406dff 3f406dff 3f406dff 3f406dff 3f406dff 3f406dff 3f406dff  c8_vstart 0x00000000 mem 0x90002010 mem 0x90002010 mem 0x90002010 mem 0x90002010 mem 0x90002010 mem 0x90002010 mem 0x90002010 mem 0x90002010 mem 0x90002010 mem 0x90002010 mem 0x90002010 mem 0x90002010 mem 0x90002010 mem 0x90002010 mem 0x90002010 mem 0x90002010 mem 0x90002010 mem 0x90002010 mem 0x90002010 mem 0x90002010 mem 0x90002010 mem 0x90002010 mem 0x90002010 mem 0x90002010 mem 0x90002010 mem 0x90002010 mem 0x90002010 mem 0x90002010 mem 0x90002010 mem 0x90002010 mem 0x90002010 mem 0x90002010
core   0: 0x800002f4 (0xa21817d7) vfmadd.vv v15, v1, v16
core   0: 3 0x800002f4 (0xa21817d7) c8_vstart 0x00000000 c1_fflags 0x00000001 e32 m1 l32 v15 ffffffff 0x3ade121e 3ade121e 3ade121e 3ade121e 3f3034b2 3ade121e 3ade121e 3ade121e 3ade121e 3f3034b2 3ade121e 3ade121e 3eeeaf96 3f8b2e21 3f8d7e26 3ade121e 3ade121e 3f8f5013 3ade121e 3ec05eed 3ade121e 3ade121e 3ade121e 3ade121e 3ade121e 3ade121e 3ade121e 3ade121e 3ade121e 3ade121e 3ade121e 3ade121e 
core   0: 0x800002f8 (0x02f040d7) vadd.vx v1, v15, x0
core   0: 3 0x800002f8 (0x02f040d7) c8_vstart 0x00000000 e32 m1 l32 v1  ffffffff 0x3ade121e 3ade121e 3ade121e 3ade121e 3f3034b2 3ade121e 3ade121e 3ade121e 3ade121e 3f3034b2 3ade121e 3ade121e 3eeeaf96 3f8b2e21 3f8d7e26 3ade121e 3ade121e 3f8f5013 3ade121e 3ec05eed 3ade121e 3ade121e 3ade121e 3ade121e 3ade121e 3ade121e 3ade121e 3ade121e 3ade121e 3ade121e 3ade121e 3ade121e 
core   0: 0x800002fc (0x0000205b) join    v0, v0, pc + 0
core   0: 3 0x800002fc (0x0000205b) current mask:	ffffffff current npc:	800002ec stack size: 0
core   0: 0x80000300 (0x5e0047d7) vmv.v.x v15, x0
core   0: 3 0x80000300 (0x5e0047d7) c8_vstart 0x00000000 e32 m1 l32 v15 ffffffff 0x00000000 00000000 00000000 00000000 00000000 00000000 00000000 00000000 00000000 00000000 00000000 00000000 00000000 00000000 00000000 00000000 00000000 00000000 00000000 00000000 00000000 00000000 00000000 00000000 00000000 00000000 00000000 00000000 00000000 00000000 00000000 00000000 
core   0: 0x80000304 (0x02e23757) vadd.vi v14, v14, 4
core   0: 3 0x80000304 (0x02e23757) c8_vstart 0x00000000 e32 m1 l32 v14 ffffffff 0x90002014 90002014 90002014 90002014 90002014 90002014 90002014 90002014 90002014 90002014 90002014 90002014 90002014 90002014 90002014 90002014 90002014 90002014 90002014 90002014 90002014 90002014 90002014 90002014 90002014 90002014 90002014 90002014 90002014 90002014 90002014 90002014 
core   0: 0x80000308 (0x0016968b) vsub12.vi v13, v13, 1
core   0: 3 0x80000308 (0x0016968b) c8_vstart 0x00000000 e32 m1 l32 v13 ffffffff 0x00000000 00000000 00000000 00000000 00000000 00000000 00000000 00000000 00000000 00000000 00000000 00000000 00000000 00000000 00000000 00000000 00000000 00000000 00000000 00000000 00000000 00000000 00000000 00000000 00000000 00000000 00000000 00000000 00000000 00000000 00000000 00000000 
core   0: 0x8000030c (0x02c0b657) vadd.vi v12, v12, 1
core   0: 3 0x8000030c (0x02c0b657) c8_vstart 0x00000000 e32 m1 l32 v12 ffffffff 0x00000019 00000019 00000019 00000019 00000019 00000019 00000019 00000019 00000019 00000019 00000019 00000019 00000014 00000014 00000014 00000014 00000014 0000000f 0000000f 0000000f 0000000f 0000000f 0000000a 0000000a 0000000a 0000000a 0000000a 00000005 00000005 00000005 00000005 00000005 
core   0: 0x80000310 (0x02b235d7) vadd.vi v11, v11, 4
core   0: 3 0x80000310 (0x02b235d7) c8_vstart 0x00000000 e32 m1 l32 v11 ffffffff 0x90000294 90000064 90000924 900006f4 900004c4 90000294 90000064 90000924 900006f4 900004c4 90000294 90000064 90000910 900006e0 900004b0 90000280 90000050 900008fc 900006cc 9000049c 9000026c 9000003c 900008e8 900006b8 90000488 90000258 90000028 900008d4 900006a4 90000474 90000244 90000014 
core   0: 0x80000314 (0x00000317) auipc   x6, 0x0
core   0: 3 0x80000314 (0x00000317) x6  0x80000314
core   0: 0x80000318 (0xf943305b) setrpc  x0, x6, -108
core   0: 3 0x80000318 (0xf943305b) c2060_rpc 0x800002a8 current mask:	ffffffff current npc:	800002ec stack size: 0
core   0: 0x8000031c (0xf8d786db) vbeq    v13, v15, pc - 116
core   0: 3 0x8000031c (0xf8d786db) c8_vstart 0x00000000 e32 m1 l32 current mask:	ffffffff current npc:	800002a8 stack size: 0
core   0: 0x800002a8 (0x0000205b) join    v0, v0, pc + 0
core   0: 3 0x800002a8 (0x0000205b) current mask:	ffffffff current npc:	800002a8 stack size: 0
core   0: 0x800002ac (0x0270b3d7) vadd.vi v7, v7, 1
core   0: 3 0x800002ac (0x0270b3d7) c8_vstart 0x00000000 e32 m1 l32 v7  ffffffff 0x00000001 00000001 00000001 00000001 00000001 00000001 00000001 00000001 00000001 00000001 00000001 00000001 00000001 00000001 00000001 00000001 00000001 00000001 00000001 00000001 00000001 00000001 00000001 00000001 00000001 00000001 00000001 00000001 00000001 00000001 00000001 00000001 
core   0: 0x800002b0 (0x029644d7) vadd.vx v9, v9, x12
core   0: 3 0x800002b0 (0x029644d7) c8_vstart 0x00000000 e32 m1 l32 v9  ffffffff 0x90002014 90002014 90002014 90002014 90002014 90002014 90002014 90002014 90002014 90002014 90002014 90002014 90002014 90002014 90002014 90002014 90002014 90002014 90002014 90002014 90002014 90002014 90002014 90002014 90002014 90002014 90002014 90002014 90002014 90002014 90002014 90002014 
core   0: 0x800002b4 (0x5e03c557) vmv.v.x v10, x7
core   0: 3 0x800002b4 (0x5e03c557) c8_vstart 0x00000000 e32 m1 l32 v10 ffffffff 0x00000005 00000005 00000005 00000005 00000005 00000005 00000005 00000005 00000005 00000005 00000005 00000005 00000005 00000005 00000005 00000005 00000005 00000005 00000005 00000005 00000005 00000005 00000005 00000005 00000005 00000005 00000005 00000005 00000005 00000005 00000005 00000005 
core   0: 0x800002b8 (0x02874457) vadd.vx v8, v8, x14
core   0: 3 0x800002b8 (0x02874457) c8_vstart 0x00000000 e32 m1 l32 v8  ffffffff 0x900002f0 900000c0 90000980 90000750 90000520 900002f0 900000c0 90000980 90000750 90000520 900002f0 900000c0 9000096c 9000073c 9000050c 900002dc 900000ac 90000958 90000728 900004f8 900002c8 90000098 90000944 90000714 900004e4 900002b4 90000084 90000930 90000700 900004d0 900002a0 90000070 
core   0: 0x800002bc (0x00000317) auipc   x6, 0x0
core   0: 3 0x800002bc (0x00000317) x6  0x800002bc
core   0: 0x800002c0 (0xfc83305b) setrpc  x0, x6, -56
core   0: 3 0x800002c0 (0xfc83305b) c2060_rpc 0x80000284 current mask:	ffffffff current npc:	800002a8 stack size: 0
core   0: 0x800002c4 (0xfc7500db) vbeq    v7, v10, pc - 64
core   0: 3 0x800002c4 (0xfc7500db) c8_vstart 0x00000000 e32 m1 l32 current mask:	ffffffff current npc:	800002c8 stack size: 0
core   0: 0x800002c8 (0xf9dff06f) j       pc - 0x64
core   0: 3 0x800002c8 (0xf9dff06f)
core   0: 0x80000264 (0x00504463) blt     x0, x5, pc + 8
core   0: 3 0x80000264 (0x00504463)
core   0: 0x8000026c (0x02718557) vadd.vv v10, v7, v3
core   0: 3 0x8000026c (0x02718557) c8_vstart 0x00000000 e32 m1 l32 v10 ffffffff 0x00000006 00000001 00000015 00000010 0000000b 00000006 00000001 00000015 00000010 0000000b 00000006 00000001 00000015 00000010 0000000b 00000006 00000001 00000015 00000010 0000000b 00000006 00000001 00000015 00000010 0000000b 00000006 00000001 00000015 00000010 0000000b 00000006 00000001 
core   0: 0x80000270 (0x028045d7) vadd.vx v11, v8, x0
core   0: 3 0x80000270 (0x028045d7) c8_vstart 0x00000000 e32 m1 l32 v11 ffffffff 0x900002f0 900000c0 90000980 90000750 90000520 900002f0 900000c0 90000980 90000750 90000520 900002f0 900000c0 9000096c 9000073c 9000050c 900002dc 900000ac 90000958 90000728 900004f8 900002c8 90000098 90000944 90000714 900004e4 900002b4 90000084 90000930 90000700 900004d0 900002a0 90000070 
core   0: 0x80000274 (0x02404657) vadd.vx v12, v4, x0
core   0: 3 0x80000274 (0x02404657) c8_vstart 0x00000000 e32 m1 l32 v12 ffffffff 0x00000014 00000014 00000014 00000014 00000014 00000014 00000014 00000014 00000014 00000014 00000014 00000014 0000000f 0000000f 0000000f 0000000f 0000000f 0000000a 0000000a 0000000a 0000000a 0000000a 00000005 00000005 00000005 00000005 00000005 00000000 00000000 00000000 00000000 00000000 
core   0: 0x80000278 (0x5e02c6d7) vmv.v.x v13, x5
core   0: 3 0x80000278 (0x5e02c6d7) c8_vstart 0x00000000 e32 m1 l32 v13 ffffffff 0x00000005 00000005 00000005 00000005 00000005 00000005 00000005 00000005 00000005 00000005 00000005 00000005 00000005 00000005 00000005 00000005 00000005 00000005 00000005 00000005 00000005 00000005 00000005 00000005 00000005 00000005 00000005 00000005 00000005 00000005 00000005 00000005 
core   0: 0x8000027c (0x02904757) vadd.vx v14, v9, x0
core   0: 3 0x8000027c (0x02904757) c8_vstart 0x00000000 e32 m1 l32 v14 ffffffff 0x90002014 90002014 90002014 90002014 90002014 90002014 90002014 90002014 90002014 90002014 90002014 90002014 90002014 90002014 90002014 90002014 90002014 90002014 90002014 90002014 90002014 90002014 90002014 90002014 90002014 90002014 90002014 90002014 90002014 90002014 90002014 90002014 
core   0: 0x80000280 (0x04c0006f) j       pc + 0x4c
core   0: 3 0x80000280 (0x04c0006f)
core   0: 0x800002cc (0x5e0047d7) vmv.v.x v15, x0
core   0: 3 0x800002cc (0x5e0047d7) c8_vstart 0x00000000 e32 m1 l32 v15 ffffffff 0x00000000 00000000 00000000 00000000 00000000 00000000 00000000 00000000 00000000 00000000 00000000 00000000 00000000 00000000 00000000 00000000 00000000 00000000 00000000 00000000 00000000 00000000 00000000 00000000 00000000 00000000 00000000 00000000 00000000 00000000 00000000 00000000 
core   0: 0x800002d0 (0x6ea54857) vmslt.vx v16, v10, x10
core   0: 3 0x800002d0 (0x6ea54857) c8_vstart 0x00000000 e32 m1 l32 v16 ffffffff 0x00000001 00000001 00000001 00000001 00000001 00000001 00000001 00000001 00000001 00000001 00000001 00000001 00000001 00000001 00000001 00000001 00000001 00000001 00000001 00000001 00000001 00000001 00000001 00000001 00000001 00000001 00000001 00000001 00000001 00000001 00000001 00000001 
core   0: 0x800002d4 (0x6ec4c8d7) vmslt.vx v17, v12, x9
core   0: 3 0x800002d4 (0x6ec4c8d7) c8_vstart 0x00000000 e32 m1 l32 v17 ffffffff 0x00000001 00000001 00000001 00000001 00000001 00000001 00000001 00000001 00000001 00000001 00000001 00000001 00000001 00000001 00000001 00000001 00000001 00000001 00000001 00000001 00000001 00000001 00000001 00000001 00000001 00000001 00000001 00000001 00000001 00000001 00000001 00000001 
core   0: 0x800002d8 (0x27088857) vand.vv v16, v16, v17
core   0: 3 0x800002d8 (0x27088857) c8_vstart 0x00000000 e32 m1 l32 v16 ffffffff 0x00000001 00000001 00000001 00000001 00000001 00000001 00000001 00000001 00000001 00000001 00000001 00000001 00000001 00000001 00000001 00000001 00000001 00000001 00000001 00000001 00000001 00000001 00000001 00000001 00000001 00000001 00000001 00000001 00000001 00000001 00000001 00000001 
core   0: 0x800002dc (0x00000317) auipc   x6, 0x0
core   0: 3 0x800002dc (0x00000317) x6  0x800002dc
core   0: 0x800002e0 (0x0203305b) setrpc  x0, x6, 32
core   0: 3 0x800002e0 (0x0203305b) c2060_rpc 0x800002fc current mask:	ffffffff current npc:	800002c8 stack size: 0
core   0: 0x800002e4 (0x0107945b) vbne    v16, v15, pc + 8
core   0: 3 0x800002e4 (0x0107945b) c8_vstart 0x00000000 e32 m1 l32 current mask:	ffffffff current npc:	800002ec stack size: 0
core   0: 0x800002ec (0x0005a7fb) vlw12.v v15, v11, 0
core   0: 3 0x800002ec (0x0005a7fb) e32 m1 l32 v15 ffffffff 0x00000000 00000000 00000000 00000000 3f51d1d2 00000000 00000000 00000000 00000000 3f51d1d2 00000000 00000000 3e9a9a9b 3d109091 00000000 00000000 00000000 00000000 00000000 00000000 00000000 00000000 00000000 00000000 00000000 00000000 00000000 00000000 00000000 00000000 00000000 00000000  c8_vstart 0x00000000 mem 0x90000070 mem 0x900002a0 mem 0x900004d0 mem 0x90000700 mem 0x90000930 mem 0x90000084 mem 0x900002b4 mem 0x900004e4 mem 0x90000714 mem 0x90000944 mem 0x90000098 mem 0x900002c8 mem 0x900004f8 mem 0x90000728 mem 0x90000958 mem 0x900000ac mem 0x900002dc mem 0x9000050c mem 0x9000073c mem 0x9000096c mem 0x900000c0 mem 0x900002f0 mem 0x90000520 mem 0x90000750 mem 0x90000980 mem 0x900000c0 mem 0x900002f0 mem 0x90000520 mem 0x90000750 mem 0x90000980 mem 0x900000c0 mem 0x900002f0
core   0: 0x800002f0 (0x0007287b) vlw12.v v16, v14, 0
core   0: 3 0x800002f0 (0x0007287b) e32 m1 l32 v16 ffffffff 0x3e5998d8 3e5998d8 3e5998d8 3e5998d8 3e5998d8 3e5998d8 3e5998d8 3e5998d8 3e5998d8 3e5998d8 3e5998d8 3e5998d8 3e5998d8 3e5998d8 3e5998d8 3e5998d8 3e5998d8 3e5998d8 3e5998d8 3e5998d8 3e5998d8 3e5998d8 3e5998d8 3e5998d8 3e5998d8 3e5998d8 3e5998d8 3e5998d8 3e5998d8 3e5998d8 3e5998d8 3e5998d8  c8_vstart 0x00000000 mem 0x90002014 mem 0x90002014 mem 0x90002014 mem 0x90002014 mem 0x90002014 mem 0x90002014 mem 0x90002014 mem 0x90002014 mem 0x90002014 mem 0x90002014 mem 0x90002014 mem 0x90002014 mem 0x90002014 mem 0x90002014 mem 0x90002014 mem 0x90002014 mem 0x90002014 mem 0x90002014 mem 0x90002014 mem 0x90002014 mem 0x90002014 mem 0x90002014 mem 0x90002014 mem 0x90002014 mem 0x90002014 mem 0x90002014 mem 0x90002014 mem 0x90002014 mem 0x90002014 mem 0x90002014 mem 0x90002014 mem 0x90002014
core   0: 0x800002f4 (0xa21817d7) vfmadd.vv v15, v1, v16
core   0: 3 0x800002f4 (0xa21817d7) c8_vstart 0x00000000 c1_fflags 0x00000001 e32 m1 l32 v15 ffffffff 0x3ade121e 3ade121e 3ade121e 3ade121e 3f5ccaba 3ade121e 3ade121e 3ade121e 3ade121e 3f5ccaba 3ade121e 3ade121e 3f07c4f6 3f8c23e3 3f8d7e26 3ade121e 3ade121e 3f8f5013 3ade121e 3ec05eed 3ade121e 3ade121e 3ade121e 3ade121e 3ade121e 3ade121e 3ade121e 3ade121e 3ade121e 3ade121e 3ade121e 3ade121e 
core   0: 0x800002f8 (0x02f040d7) vadd.vx v1, v15, x0
core   0: 3 0x800002f8 (0x02f040d7) c8_vstart 0x00000000 e32 m1 l32 v1  ffffffff 0x3ade121e 3ade121e 3ade121e 3ade121e 3f5ccaba 3ade121e 3ade121e 3ade121e 3ade121e 3f5ccaba 3ade121e 3ade121e 3f07c4f6 3f8c23e3 3f8d7e26 3ade121e 3ade121e 3f8f5013 3ade121e 3ec05eed 3ade121e 3ade121e 3ade121e 3ade121e 3ade121e 3ade121e 3ade121e 3ade121e 3ade121e 3ade121e 3ade121e 3ade121e 
core   0: 0x800002fc (0x0000205b) join    v0, v0, pc + 0
core   0: 3 0x800002fc (0x0000205b) current mask:	ffffffff current npc:	800002ec stack size: 0
core   0: 0x80000300 (0x5e0047d7) vmv.v.x v15, x0
core   0: 3 0x80000300 (0x5e0047d7) c8_vstart 0x00000000 e32 m1 l32 v15 ffffffff 0x00000000 00000000 00000000 00000000 00000000 00000000 00000000 00000000 00000000 00000000 00000000 00000000 00000000 00000000 00000000 00000000 00000000 00000000 00000000 00000000 00000000 00000000 00000000 00000000 00000000 00000000 00000000 00000000 00000000 00000000 00000000 00000000 
core   0: 0x80000304 (0x02e23757) vadd.vi v14, v14, 4
core   0: 3 0x80000304 (0x02e23757) c8_vstart 0x00000000 e32 m1 l32 v14 ffffffff 0x90002018 90002018 90002018 90002018 90002018 90002018 90002018 90002018 90002018 90002018 90002018 90002018 90002018 90002018 90002018 90002018 90002018 90002018 90002018 90002018 90002018 90002018 90002018 90002018 90002018 90002018 90002018 90002018 90002018 90002018 90002018 90002018 
core   0: 0x80000308 (0x0016968b) vsub12.vi v13, v13, 1
core   0: 3 0x80000308 (0x0016968b) c8_vstart 0x00000000 e32 m1 l32 v13 ffffffff 0x00000004 00000004 00000004 00000004 00000004 00000004 00000004 00000004 00000004 00000004 00000004 00000004 00000004 00000004 00000004 00000004 00000004 00000004 00000004 00000004 00000004 00000004 00000004 00000004 00000004 00000004 00000004 00000004 00000004 00000004 00000004 00000004 
core   0: 0x8000030c (0x02c0b657) vadd.vi v12, v12, 1
core   0: 3 0x8000030c (0x02c0b657) c8_vstart 0x00000000 e32 m1 l32 v12 ffffffff 0x00000015 00000015 00000015 00000015 00000015 00000015 00000015 00000015 00000015 00000015 00000015 00000015 00000010 00000010 00000010 00000010 00000010 0000000b 0000000b 0000000b 0000000b 0000000b 00000006 00000006 00000006 00000006 00000006 00000001 00000001 00000001 00000001 00000001 
core   0: 0x80000310 (0x02b235d7) vadd.vi v11, v11, 4
core   0: 3 0x80000310 (0x02b235d7) c8_vstart 0x00000000 e32 m1 l32 v11 ffffffff 0x900002f4 900000c4 90000984 90000754 90000524 900002f4 900000c4 90000984 90000754 90000524 900002f4 900000c4 90000970 90000740 90000510 900002e0 900000b0 9000095c 9000072c 900004fc 900002cc 9000009c 90000948 90000718 900004e8 900002b8 90000088 90000934 90000704 900004d4 900002a4 90000074 
core   0: 0x80000314 (0x00000317) auipc   x6, 0x0
core   0: 3 0x80000314 (0x00000317) x6  0x80000314
core   0: 0x80000318 (0xf943305b) setrpc  x0, x6, -108
core   0: 3 0x80000318 (0xf943305b) c2060_rpc 0x800002a8 current mask:	ffffffff current npc:	800002ec stack size: 0
core   0: 0x8000031c (0xf8d786db) vbeq    v13, v15, pc - 116
core   0: 3 0x8000031c (0xf8d786db) c8_vstart 0x00000000 e32 m1 l32 current mask:	ffffffff current npc:	80000320 stack size: 0
core   0: 0x80000320 (0xfadff06f) j       pc - 0x54
core   0: 3 0x80000320 (0xfadff06f)
core   0: 0x800002cc (0x5e0047d7) vmv.v.x v15, x0
core   0: 3 0x800002cc (0x5e0047d7) c8_vstart 0x00000000 e32 m1 l32 v15 ffffffff 0x00000000 00000000 00000000 00000000 00000000 00000000 00000000 00000000 00000000 00000000 00000000 00000000 00000000 00000000 00000000 00000000 00000000 00000000 00000000 00000000 00000000 00000000 00000000 00000000 00000000 00000000 00000000 00000000 00000000 00000000 00000000 00000000 
core   0: 0x800002d0 (0x6ea54857) vmslt.vx v16, v10, x10
core   0: 3 0x800002d0 (0x6ea54857) c8_vstart 0x00000000 e32 m1 l32 v16 ffffffff 0x00000001 00000001 00000001 00000001 00000001 00000001 00000001 00000001 00000001 00000001 00000001 00000001 00000001 00000001 00000001 00000001 00000001 00000001 00000001 00000001 00000001 00000001 00000001 00000001 00000001 00000001 00000001 00000001 00000001 00000001 00000001 00000001 
core   0: 0x800002d4 (0x6ec4c8d7) vmslt.vx v17, v12, x9
core   0: 3 0x800002d4 (0x6ec4c8d7) c8_vstart 0x00000000 e32 m1 l32 v17 ffffffff 0x00000001 00000001 00000001 00000001 00000001 00000001 00000001 00000001 00000001 00000001 00000001 00000001 00000001 00000001 00000001 00000001 00000001 00000001 00000001 00000001 00000001 00000001 00000001 00000001 00000001 00000001 00000001 00000001 00000001 00000001 00000001 00000001 
core   0: 0x800002d8 (0x27088857) vand.vv v16, v16, v17
core   0: 3 0x800002d8 (0x27088857) c8_vstart 0x00000000 e32 m1 l32 v16 ffffffff 0x00000001 00000001 00000001 00000001 00000001 00000001 00000001 00000001 00000001 00000001 00000001 00000001 00000001 00000001 00000001 00000001 00000001 00000001 00000001 00000001 00000001 00000001 00000001 00000001 00000001 00000001 00000001 00000001 00000001 00000001 00000001 00000001 
core   0: 0x800002dc (0x00000317) auipc   x6, 0x0
core   0: 3 0x800002dc (0x00000317) x6  0x800002dc
core   0: 0x800002e0 (0x0203305b) setrpc  x0, x6, 32
core   0: 3 0x800002e0 (0x0203305b) c2060_rpc 0x800002fc current mask:	ffffffff current npc:	80000320 stack size: 0
core   0: 0x800002e4 (0x0107945b) vbne    v16, v15, pc + 8
core   0: 3 0x800002e4 (0x0107945b) c8_vstart 0x00000000 e32 m1 l32 current mask:	ffffffff current npc:	800002ec stack size: 0
core   0: 0x800002ec (0x0005a7fb) vlw12.v v15, v11, 0
core   0: 3 0x800002ec (0x0005a7fb) e32 m1 l32 v15 ffffffff 0x00000000 00000000 00000000 00000000 3d909091 00000000 00000000 00000000 00000000 3d909091 00000000 00000000 00000000 3f4dcdce 00000000 00000000 00000000 00000000 00000000 00000000 00000000 00000000 00000000 00000000 00000000 00000000 00000000 00000000 00000000 00000000 00000000 00000000  c8_vstart 0x00000000 mem 0x90000074 mem 0x900002a4 mem 0x900004d4 mem 0x90000704 mem 0x90000934 mem 0x90000088 mem 0x900002b8 mem 0x900004e8 mem 0x90000718 mem 0x90000948 mem 0x9000009c mem 0x900002cc mem 0x900004fc mem 0x9000072c mem 0x9000095c mem 0x900000b0 mem 0x900002e0 mem 0x90000510 mem 0x90000740 mem 0x90000970 mem 0x900000c4 mem 0x900002f4 mem 0x90000524 mem 0x90000754 mem 0x90000984 mem 0x900000c4 mem 0x900002f4 mem 0x90000524 mem 0x90000754 mem 0x90000984 mem 0x900000c4 mem 0x900002f4
core   0: 0x800002f0 (0x0007287b) vlw12.v v16, v14, 0
core   0: 3 0x800002f0 (0x0007287b) e32 m1 l32 v16 ffffffff 0x3e5c685b 3e5c685b 3e5c685b 3e5c685b 3e5c685b 3e5c685b 3e5c685b 3e5c685b 3e5c685b 3e5c685b 3e5c685b 3e5c685b 3e5c685b 3e5c685b 3e5c685b 3e5c685b 3e5c685b 3e5c685b 3e5c685b 3e5c685b 3e5c685b 3e5c685b 3e5c685b 3e5c685b 3e5c685b 3e5c685b 3e5c685b 3e5c685b 3e5c685b 3e5c685b 3e5c685b 3e5c685b  c8_vstart 0x00000000 mem 0x90002018 mem 0x90002018 mem 0x90002018 mem 0x90002018 mem 0x90002018 mem 0x90002018 mem 0x90002018 mem 0x90002018 mem 0x90002018 mem 0x90002018 mem 0x90002018 mem 0x90002018 mem 0x90002018 mem 0x90002018 mem 0x90002018 mem 0x90002018 mem 0x90002018 mem 0x90002018 mem 0x90002018 mem 0x90002018 mem 0x90002018 mem 0x90002018 mem 0x90002018 mem 0x90002018 mem 0x90002018 mem 0x90002018 mem 0x90002018 mem 0x90002018 mem 0x90002018 mem 0x90002018 mem 0x90002018 mem 0x90002018
core   0: 0x800002f4 (0xa21817d7) vfmadd.vv v15, v1, v16
core   0: 3 0x800002f4 (0xa21817d7) c8_vstart 0x00000000 c1_fflags 0x00000001 e32 m1 l32 v15 ffffffff 0x3ade121e 3ade121e 3ade121e 3ade121e 3f60ae73 3ade121e 3ade121e 3ade121e 3ade121e 3f60ae73 3ade121e 3ade121e 3f07c4f6 3fa249fb 3f8d7e26 3ade121e 3ade121e 3f8f5013 3ade121e 3ec05eed 3ade121e 3ade121e 3ade121e 3ade121e 3ade121e 3ade121e 3ade121e 3ade121e 3ade121e 3ade121e 3ade121e 3ade121e 
core   0: 0x800002f8 (0x02f040d7) vadd.vx v1, v15, x0
core   0: 3 0x800002f8 (0x02f040d7) c8_vstart 0x00000000 e32 m1 l32 v1  ffffffff 0x3ade121e 3ade121e 3ade121e 3ade121e 3f60ae73 3ade121e 3ade121e 3ade121e 3ade121e 3f60ae73 3ade121e 3ade121e 3f07c4f6 3fa249fb 3f8d7e26 3ade121e 3ade121e 3f8f5013 3ade121e 3ec05eed 3ade121e 3ade121e 3ade121e 3ade121e 3ade121e 3ade121e 3ade121e 3ade121e 3ade121e 3ade121e 3ade121e 3ade121e 
core   0: 0x800002fc (0x0000205b) join    v0, v0, pc + 0
core   0: 3 0x800002fc (0x0000205b) current mask:	ffffffff current npc:	800002ec stack size: 0
core   0: 0x80000300 (0x5e0047d7) vmv.v.x v15, x0
core   0: 3 0x80000300 (0x5e0047d7) c8_vstart 0x00000000 e32 m1 l32 v15 ffffffff 0x00000000 00000000 00000000 00000000 00000000 00000000 00000000 00000000 00000000 00000000 00000000 00000000 00000000 00000000 00000000 00000000 00000000 00000000 00000000 00000000 00000000 00000000 00000000 00000000 00000000 00000000 00000000 00000000 00000000 00000000 00000000 00000000 
core   0: 0x80000304 (0x02e23757) vadd.vi v14, v14, 4
core   0: 3 0x80000304 (0x02e23757) c8_vstart 0x00000000 e32 m1 l32 v14 ffffffff 0x9000201c 9000201c 9000201c 9000201c 9000201c 9000201c 9000201c 9000201c 9000201c 9000201c 9000201c 9000201c 9000201c 9000201c 9000201c 9000201c 9000201c 9000201c 9000201c 9000201c 9000201c 9000201c 9000201c 9000201c 9000201c 9000201c 9000201c 9000201c 9000201c 9000201c 9000201c 9000201c 
core   0: 0x80000308 (0x0016968b) vsub12.vi v13, v13, 1
core   0: 3 0x80000308 (0x0016968b) c8_vstart 0x00000000 e32 m1 l32 v13 ffffffff 0x00000003 00000003 00000003 00000003 00000003 00000003 00000003 00000003 00000003 00000003 00000003 00000003 00000003 00000003 00000003 00000003 00000003 00000003 00000003 00000003 00000003 00000003 00000003 00000003 00000003 00000003 00000003 00000003 00000003 00000003 00000003 00000003 
core   0: 0x8000030c (0x02c0b657) vadd.vi v12, v12, 1
core   0: 3 0x8000030c (0x02c0b657) c8_vstart 0x00000000 e32 m1 l32 v12 ffffffff 0x00000016 00000016 00000016 00000016 00000016 00000016 00000016 00000016 00000016 00000016 00000016 00000016 00000011 00000011 00000011 00000011 00000011 0000000c 0000000c 0000000c 0000000c 0000000c 00000007 00000007 00000007 00000007 00000007 00000002 00000002 00000002 00000002 00000002 
core   0: 0x80000310 (0x02b235d7) vadd.vi v11, v11, 4
core   0: 3 0x80000310 (0x02b235d7) c8_vstart 0x00000000 e32 m1 l32 v11 ffffffff 0x900002f8 900000c8 90000988 90000758 90000528 900002f8 900000c8 90000988 90000758 90000528 900002f8 900000c8 90000974 90000744 90000514 900002e4 900000b4 90000960 90000730 90000500 900002d0 900000a0 9000094c 9000071c 900004ec 900002bc 9000008c 90000938 90000708 900004d8 900002a8 90000078 
core   0: 0x80000314 (0x00000317) auipc   x6, 0x0
core   0: 3 0x80000314 (0x00000317) x6  0x80000314
core   0: 0x80000318 (0xf943305b) setrpc  x0, x6, -108
core   0: 3 0x80000318 (0xf943305b) c2060_rpc 0x800002a8 current mask:	ffffffff current npc:	800002ec stack size: 0
core   0: 0x8000031c (0xf8d786db) vbeq    v13, v15, pc - 116
core   0: 3 0x8000031c (0xf8d786db) c8_vstart 0x00000000 e32 m1 l32 current mask:	ffffffff current npc:	80000320 stack size: 0
core   0: 0x80000320 (0xfadff06f) j       pc - 0x54
core   0: 3 0x80000320 (0xfadff06f)
core   0: 0x800002cc (0x5e0047d7) vmv.v.x v15, x0
core   0: 3 0x800002cc (0x5e0047d7) c8_vstart 0x00000000 e32 m1 l32 v15 ffffffff 0x00000000 00000000 00000000 00000000 00000000 00000000 00000000 00000000 00000000 00000000 00000000 00000000 00000000 00000000 00000000 00000000 00000000 00000000 00000000 00000000 00000000 00000000 00000000 00000000 00000000 00000000 00000000 00000000 00000000 00000000 00000000 00000000 
core   0: 0x800002d0 (0x6ea54857) vmslt.vx v16, v10, x10
core   0: 3 0x800002d0 (0x6ea54857) c8_vstart 0x00000000 e32 m1 l32 v16 ffffffff 0x00000001 00000001 00000001 00000001 00000001 00000001 00000001 00000001 00000001 00000001 00000001 00000001 00000001 00000001 00000001 00000001 00000001 00000001 00000001 00000001 00000001 00000001 00000001 00000001 00000001 00000001 00000001 00000001 00000001 00000001 00000001 00000001 
core   0: 0x800002d4 (0x6ec4c8d7) vmslt.vx v17, v12, x9
core   0: 3 0x800002d4 (0x6ec4c8d7) c8_vstart 0x00000000 e32 m1 l32 v17 ffffffff 0x00000001 00000001 00000001 00000001 00000001 00000001 00000001 00000001 00000001 00000001 00000001 00000001 00000001 00000001 00000001 00000001 00000001 00000001 00000001 00000001 00000001 00000001 00000001 00000001 00000001 00000001 00000001 00000001 00000001 00000001 00000001 00000001 
core   0: 0x800002d8 (0x27088857) vand.vv v16, v16, v17
core   0: 3 0x800002d8 (0x27088857) c8_vstart 0x00000000 e32 m1 l32 v16 ffffffff 0x00000001 00000001 00000001 00000001 00000001 00000001 00000001 00000001 00000001 00000001 00000001 00000001 00000001 00000001 00000001 00000001 00000001 00000001 00000001 00000001 00000001 00000001 00000001 00000001 00000001 00000001 00000001 00000001 00000001 00000001 00000001 00000001 
core   0: 0x800002dc (0x00000317) auipc   x6, 0x0
core   0: 3 0x800002dc (0x00000317) x6  0x800002dc
core   0: 0x800002e0 (0x0203305b) setrpc  x0, x6, 32
core   0: 3 0x800002e0 (0x0203305b) c2060_rpc 0x800002fc current mask:	ffffffff current npc:	80000320 stack size: 0
core   0: 0x800002e4 (0x0107945b) vbne    v16, v15, pc + 8
core   0: 3 0x800002e4 (0x0107945b) c8_vstart 0x00000000 e32 m1 l32 current mask:	ffffffff current npc:	800002ec stack size: 0
core   0: 0x800002ec (0x0005a7fb) vlw12.v v15, v11, 0
core   0: 3 0x800002ec (0x0005a7fb) e32 m1 l32 v15 ffffffff 0x00000000 00000000 00000000 00000000 00000000 00000000 00000000 00000000 00000000 00000000 00000000 00000000 00000000 3f78f8f9 00000000 00000000 00000000 3e189899 00000000 00000000 00000000 00000000 00000000 00000000 00000000 00000000 00000000 00000000 00000000 00000000 00000000 00000000  c8_vstart 0x00000000 mem 0x90000078 mem 0x900002a8 mem 0x900004d8 mem 0x90000708 mem 0x90000938 mem 0x9000008c mem 0x900002bc mem 0x900004ec mem 0x9000071c mem 0x9000094c mem 0x900000a0 mem 0x900002d0 mem 0x90000500 mem 0x90000730 mem 0x90000960 mem 0x900000b4 mem 0x900002e4 mem 0x90000514 mem 0x90000744 mem 0x90000974 mem 0x900000c8 mem 0x900002f8 mem 0x90000528 mem 0x90000758 mem 0x90000988 mem 0x900000c8 mem 0x900002f8 mem 0x90000528 mem 0x90000758 mem 0x90000988 mem 0x900000c8 mem 0x900002f8
core   0: 0x800002f0 (0x0007287b) vlw12.v v16, v14, 0
core   0: 3 0x800002f0 (0x0007287b) e32 m1 l32 v16 ffffffff 0x3e8b7f5d 3e8b7f5d 3e8b7f5d 3e8b7f5d 3e8b7f5d 3e8b7f5d 3e8b7f5d 3e8b7f5d 3e8b7f5d 3e8b7f5d 3e8b7f5d 3e8b7f5d 3e8b7f5d 3e8b7f5d 3e8b7f5d 3e8b7f5d 3e8b7f5d 3e8b7f5d 3e8b7f5d 3e8b7f5d 3e8b7f5d 3e8b7f5d 3e8b7f5d 3e8b7f5d 3e8b7f5d 3e8b7f5d 3e8b7f5d 3e8b7f5d 3e8b7f5d 3e8b7f5d 3e8b7f5d 3e8b7f5d  c8_vstart 0x00000000 mem 0x9000201c mem 0x9000201c mem 0x9000201c mem 0x9000201c mem 0x9000201c mem 0x9000201c mem 0x9000201c mem 0x9000201c mem 0x9000201c mem 0x9000201c mem 0x9000201c mem 0x9000201c mem 0x9000201c mem 0x9000201c mem 0x9000201c mem 0x9000201c mem 0x9000201c mem 0x9000201c mem 0x9000201c mem 0x9000201c mem 0x9000201c mem 0x9000201c mem 0x9000201c mem 0x9000201c mem 0x9000201c mem 0x9000201c mem 0x9000201c mem 0x9000201c mem 0x9000201c mem 0x9000201c mem 0x9000201c mem 0x9000201c
core   0: 0x800002f4 (0xa21817d7) vfmadd.vv v15, v1, v16
core   0: 3 0x800002f4 (0xa21817d7) c8_vstart 0x00000000 c1_fflags 0x00000001 e32 m1 l32 v15 ffffffff 0x3ade121e 3ade121e 3ade121e 3ade121e 3f60ae73 3ade121e 3ade121e 3ade121e 3ade121e 3f60ae73 3ade121e 3ade121e 3f07c4f6 3fc434be 3f8d7e26 3ade121e 3ade121e 3f94827f 3ade121e 3ec05eed 3ade121e 3ade121e 3ade121e 3ade121e 3ade121e 3ade121e 3ade121e 3ade121e 3ade121e 3ade121e 3ade121e 3ade121e 
core   0: 0x800002f8 (0x02f040d7) vadd.vx v1, v15, x0
core   0: 3 0x800002f8 (0x02f040d7) c8_vstart 0x00000000 e32 m1 l32 v1  ffffffff 0x3ade121e 3ade121e 3ade121e 3ade121e 3f60ae73 3ade121e 3ade121e 3ade121e 3ade121e 3f60ae73 3ade121e 3ade121e 3f07c4f6 3fc434be 3f8d7e26 3ade121e 3ade121e 3f94827f 3ade121e 3ec05eed 3ade121e 3ade121e 3ade121e 3ade121e 3ade121e 3ade121e 3ade121e 3ade121e 3ade121e 3ade121e 3ade121e 3ade121e 
core   0: 0x800002fc (0x0000205b) join    v0, v0, pc + 0
core   0: 3 0x800002fc (0x0000205b) current mask:	ffffffff current npc:	800002ec stack size: 0
core   0: 0x80000300 (0x5e0047d7) vmv.v.x v15, x0
core   0: 3 0x80000300 (0x5e0047d7) c8_vstart 0x00000000 e32 m1 l32 v15 ffffffff 0x00000000 00000000 00000000 00000000 00000000 00000000 00000000 00000000 00000000 00000000 00000000 00000000 00000000 00000000 00000000 00000000 00000000 00000000 00000000 00000000 00000000 00000000 00000000 00000000 00000000 00000000 00000000 00000000 00000000 00000000 00000000 00000000 
core   0: 0x80000304 (0x02e23757) vadd.vi v14, v14, 4
core   0: 3 0x80000304 (0x02e23757) c8_vstart 0x00000000 e32 m1 l32 v14 ffffffff 0x90002020 90002020 90002020 90002020 90002020 90002020 90002020 90002020 90002020 90002020 90002020 90002020 90002020 90002020 90002020 90002020 90002020 90002020 90002020 90002020 90002020 90002020 90002020 90002020 90002020 90002020 90002020 90002020 90002020 90002020 90002020 90002020 
core   0: 0x80000308 (0x0016968b) vsub12.vi v13, v13, 1
core   0: 3 0x80000308 (0x0016968b) c8_vstart 0x00000000 e32 m1 l32 v13 ffffffff 0x00000002 00000002 00000002 00000002 00000002 00000002 00000002 00000002 00000002 00000002 00000002 00000002 00000002 00000002 00000002 00000002 00000002 00000002 00000002 00000002 00000002 00000002 00000002 00000002 00000002 00000002 00000002 00000002 00000002 00000002 00000002 00000002 
core   0: 0x8000030c (0x02c0b657) vadd.vi v12, v12, 1
core   0: 3 0x8000030c (0x02c0b657) c8_vstart 0x00000000 e32 m1 l32 v12 ffffffff 0x00000017 00000017 00000017 00000017 00000017 00000017 00000017 00000017 00000017 00000017 00000017 00000017 00000012 00000012 00000012 00000012 00000012 0000000d 0000000d 0000000d 0000000d 0000000d 00000008 00000008 00000008 00000008 00000008 00000003 00000003 00000003 00000003 00000003 
core   0: 0x80000310 (0x02b235d7) vadd.vi v11, v11, 4
core   0: 3 0x80000310 (0x02b235d7) c8_vstart 0x00000000 e32 m1 l32 v11 ffffffff 0x900002fc 900000cc 9000098c 9000075c 9000052c 900002fc 900000cc 9000098c 9000075c 9000052c 900002fc 900000cc 90000978 90000748 90000518 900002e8 900000b8 90000964 90000734 90000504 900002d4 900000a4 90000950 90000720 900004f0 900002c0 90000090 9000093c 9000070c 900004dc 900002ac 9000007c 
core   0: 0x80000314 (0x00000317) auipc   x6, 0x0
core   0: 3 0x80000314 (0x00000317) x6  0x80000314
core   0: 0x80000318 (0xf943305b) setrpc  x0, x6, -108
core   0: 3 0x80000318 (0xf943305b) c2060_rpc 0x800002a8 current mask:	ffffffff current npc:	800002ec stack size: 0
core   0: 0x8000031c (0xf8d786db) vbeq    v13, v15, pc - 116
core   0: 3 0x8000031c (0xf8d786db) c8_vstart 0x00000000 e32 m1 l32 current mask:	ffffffff current npc:	80000320 stack size: 0
core   0: 0x80000320 (0xfadff06f) j       pc - 0x54
core   0: 3 0x80000320 (0xfadff06f)
core   0: 0x800002cc (0x5e0047d7) vmv.v.x v15, x0
core   0: 3 0x800002cc (0x5e0047d7) c8_vstart 0x00000000 e32 m1 l32 v15 ffffffff 0x00000000 00000000 00000000 00000000 00000000 00000000 00000000 00000000 00000000 00000000 00000000 00000000 00000000 00000000 00000000 00000000 00000000 00000000 00000000 00000000 00000000 00000000 00000000 00000000 00000000 00000000 00000000 00000000 00000000 00000000 00000000 00000000 
core   0: 0x800002d0 (0x6ea54857) vmslt.vx v16, v10, x10
core   0: 3 0x800002d0 (0x6ea54857) c8_vstart 0x00000000 e32 m1 l32 v16 ffffffff 0x00000001 00000001 00000001 00000001 00000001 00000001 00000001 00000001 00000001 00000001 00000001 00000001 00000001 00000001 00000001 00000001 00000001 00000001 00000001 00000001 00000001 00000001 00000001 00000001 00000001 00000001 00000001 00000001 00000001 00000001 00000001 00000001 
core   0: 0x800002d4 (0x6ec4c8d7) vmslt.vx v17, v12, x9
core   0: 3 0x800002d4 (0x6ec4c8d7) c8_vstart 0x00000000 e32 m1 l32 v17 ffffffff 0x00000001 00000001 00000001 00000001 00000001 00000001 00000001 00000001 00000001 00000001 00000001 00000001 00000001 00000001 00000001 00000001 00000001 00000001 00000001 00000001 00000001 00000001 00000001 00000001 00000001 00000001 00000001 00000001 00000001 00000001 00000001 00000001 
core   0: 0x800002d8 (0x27088857) vand.vv v16, v16, v17
core   0: 3 0x800002d8 (0x27088857) c8_vstart 0x00000000 e32 m1 l32 v16 ffffffff 0x00000001 00000001 00000001 00000001 00000001 00000001 00000001 00000001 00000001 00000001 00000001 00000001 00000001 00000001 00000001 00000001 00000001 00000001 00000001 00000001 00000001 00000001 00000001 00000001 00000001 00000001 00000001 00000001 00000001 00000001 00000001 00000001 
core   0: 0x800002dc (0x00000317) auipc   x6, 0x0
core   0: 3 0x800002dc (0x00000317) x6  0x800002dc
core   0: 0x800002e0 (0x0203305b) setrpc  x0, x6, 32
core   0: 3 0x800002e0 (0x0203305b) c2060_rpc 0x800002fc current mask:	ffffffff current npc:	80000320 stack size: 0
core   0: 0x800002e4 (0x0107945b) vbne    v16, v15, pc + 8
core   0: 3 0x800002e4 (0x0107945b) c8_vstart 0x00000000 e32 m1 l32 current mask:	ffffffff current npc:	800002ec stack size: 0
core   0: 0x800002ec (0x0005a7fb) vlw12.v v15, v11, 0
core   0: 3 0x800002ec (0x0005a7fb) e32 m1 l32 v15 ffffffff 0x00000000 00000000 00000000 00000000 00000000 00000000 00000000 00000000 00000000 00000000 00000000 00000000 00000000 3e68e8e9 3ea6a6a7 00000000 00000000 3f7efeff 00000000 00000000 00000000 00000000 00000000 00000000 00000000 00000000 00000000 00000000 00000000 00000000 00000000 00000000  c8_vstart 0x00000000 mem 0x9000007c mem 0x900002ac mem 0x900004dc mem 0x9000070c mem 0x9000093c mem 0x90000090 mem 0x900002c0 mem 0x900004f0 mem 0x90000720 mem 0x90000950 mem 0x900000a4 mem 0x900002d4 mem 0x90000504 mem 0x90000734 mem 0x90000964 mem 0x900000b8 mem 0x900002e8 mem 0x90000518 mem 0x90000748 mem 0x90000978 mem 0x900000cc mem 0x900002fc mem 0x9000052c mem 0x9000075c mem 0x9000098c mem 0x900000cc mem 0x900002fc mem 0x9000052c mem 0x9000075c mem 0x9000098c mem 0x900000cc mem 0x900002fc
core   0: 0x800002f0 (0x0007287b) vlw12.v v16, v14, 0
core   0: 3 0x800002f0 (0x0007287b) e32 m1 l32 v16 ffffffff 0x3c9bc95e 3c9bc95e 3c9bc95e 3c9bc95e 3c9bc95e 3c9bc95e 3c9bc95e 3c9bc95e 3c9bc95e 3c9bc95e 3c9bc95e 3c9bc95e 3c9bc95e 3c9bc95e 3c9bc95e 3c9bc95e 3c9bc95e 3c9bc95e 3c9bc95e 3c9bc95e 3c9bc95e 3c9bc95e 3c9bc95e 3c9bc95e 3c9bc95e 3c9bc95e 3c9bc95e 3c9bc95e 3c9bc95e 3c9bc95e 3c9bc95e 3c9bc95e  c8_vstart 0x00000000 mem 0x90002020 mem 0x90002020 mem 0x90002020 mem 0x90002020 mem 0x90002020 mem 0x90002020 mem 0x90002020 mem 0x90002020 mem 0x90002020 mem 0x90002020 mem 0x90002020 mem 0x90002020 mem 0x90002020 mem 0x90002020 mem 0x90002020 mem 0x90002020 mem 0x90002020 mem 0x90002020 mem 0x90002020 mem 0x90002020 mem 0x90002020 mem 0x90002020 mem 0x90002020 mem 0x90002020 mem 0x90002020 mem 0x90002020 mem 0x90002020 mem 0x90002020 mem 0x90002020 mem 0x90002020 mem 0x90002020 mem 0x90002020
core   0: 0x800002f4 (0xa21817d7) vfmadd.vv v15, v1, v16
core   0: 3 0x800002f4 (0xa21817d7) c8_vstart 0x00000000 c1_fflags 0x00000001 e32 m1 l32 v15 ffffffff 0x3ade121e 3ade121e 3ade121e 3ade121e 3f60ae73 3ade121e 3ade121e 3ade121e 3ade121e 3f60ae73 3ade121e 3ade121e 3f07c4f6 3fc4c27a 3f8e48fa 3ade121e 3ade121e 3f96ef33 3ade121e 3ec05eed 3ade121e 3ade121e 3ade121e 3ade121e 3ade121e 3ade121e 3ade121e 3ade121e 3ade121e 3ade121e 3ade121e 3ade121e 
core   0: 0x800002f8 (0x02f040d7) vadd.vx v1, v15, x0
core   0: 3 0x800002f8 (0x02f040d7) c8_vstart 0x00000000 e32 m1 l32 v1  ffffffff 0x3ade121e 3ade121e 3ade121e 3ade121e 3f60ae73 3ade121e 3ade121e 3ade121e 3ade121e 3f60ae73 3ade121e 3ade121e 3f07c4f6 3fc4c27a 3f8e48fa 3ade121e 3ade121e 3f96ef33 3ade121e 3ec05eed 3ade121e 3ade121e 3ade121e 3ade121e 3ade121e 3ade121e 3ade121e 3ade121e 3ade121e 3ade121e 3ade121e 3ade121e 
core   0: 0x800002fc (0x0000205b) join    v0, v0, pc + 0
core   0: 3 0x800002fc (0x0000205b) current mask:	ffffffff current npc:	800002ec stack size: 0
core   0: 0x80000300 (0x5e0047d7) vmv.v.x v15, x0
core   0: 3 0x80000300 (0x5e0047d7) c8_vstart 0x00000000 e32 m1 l32 v15 ffffffff 0x00000000 00000000 00000000 00000000 00000000 00000000 00000000 00000000 00000000 00000000 00000000 00000000 00000000 00000000 00000000 00000000 00000000 00000000 00000000 00000000 00000000 00000000 00000000 00000000 00000000 00000000 00000000 00000000 00000000 00000000 00000000 00000000 
core   0: 0x80000304 (0x02e23757) vadd.vi v14, v14, 4
core   0: 3 0x80000304 (0x02e23757) c8_vstart 0x00000000 e32 m1 l32 v14 ffffffff 0x90002024 90002024 90002024 90002024 90002024 90002024 90002024 90002024 90002024 90002024 90002024 90002024 90002024 90002024 90002024 90002024 90002024 90002024 90002024 90002024 90002024 90002024 90002024 90002024 90002024 90002024 90002024 90002024 90002024 90002024 90002024 90002024 
core   0: 0x80000308 (0x0016968b) vsub12.vi v13, v13, 1
core   0: 3 0x80000308 (0x0016968b) c8_vstart 0x00000000 e32 m1 l32 v13 ffffffff 0x00000001 00000001 00000001 00000001 00000001 00000001 00000001 00000001 00000001 00000001 00000001 00000001 00000001 00000001 00000001 00000001 00000001 00000001 00000001 00000001 00000001 00000001 00000001 00000001 00000001 00000001 00000001 00000001 00000001 00000001 00000001 00000001 
core   0: 0x8000030c (0x02c0b657) vadd.vi v12, v12, 1
core   0: 3 0x8000030c (0x02c0b657) c8_vstart 0x00000000 e32 m1 l32 v12 ffffffff 0x00000018 00000018 00000018 00000018 00000018 00000018 00000018 00000018 00000018 00000018 00000018 00000018 00000013 00000013 00000013 00000013 00000013 0000000e 0000000e 0000000e 0000000e 0000000e 00000009 00000009 00000009 00000009 00000009 00000004 00000004 00000004 00000004 00000004 
core   0: 0x80000310 (0x02b235d7) vadd.vi v11, v11, 4
core   0: 3 0x80000310 (0x02b235d7) c8_vstart 0x00000000 e32 m1 l32 v11 ffffffff 0x90000300 900000d0 90000990 90000760 90000530 90000300 900000d0 90000990 90000760 90000530 90000300 900000d0 9000097c 9000074c 9000051c 900002ec 900000bc 90000968 90000738 90000508 900002d8 900000a8 90000954 90000724 900004f4 900002c4 90000094 90000940 90000710 900004e0 900002b0 90000080 
core   0: 0x80000314 (0x00000317) auipc   x6, 0x0
core   0: 3 0x80000314 (0x00000317) x6  0x80000314
core   0: 0x80000318 (0xf943305b) setrpc  x0, x6, -108
core   0: 3 0x80000318 (0xf943305b) c2060_rpc 0x800002a8 current mask:	ffffffff current npc:	800002ec stack size: 0
core   0: 0x8000031c (0xf8d786db) vbeq    v13, v15, pc - 116
core   0: 3 0x8000031c (0xf8d786db) c8_vstart 0x00000000 e32 m1 l32 current mask:	ffffffff current npc:	80000320 stack size: 0
core   0: 0x80000320 (0xfadff06f) j       pc - 0x54
core   0: 3 0x80000320 (0xfadff06f)
core   0: 0x800002cc (0x5e0047d7) vmv.v.x v15, x0
core   0: 3 0x800002cc (0x5e0047d7) c8_vstart 0x00000000 e32 m1 l32 v15 ffffffff 0x00000000 00000000 00000000 00000000 00000000 00000000 00000000 00000000 00000000 00000000 00000000 00000000 00000000 00000000 00000000 00000000 00000000 00000000 00000000 00000000 00000000 00000000 00000000 00000000 00000000 00000000 00000000 00000000 00000000 00000000 00000000 00000000 
core   0: 0x800002d0 (0x6ea54857) vmslt.vx v16, v10, x10
core   0: 3 0x800002d0 (0x6ea54857) c8_vstart 0x00000000 e32 m1 l32 v16 ffffffff 0x00000001 00000001 00000001 00000001 00000001 00000001 00000001 00000001 00000001 00000001 00000001 00000001 00000001 00000001 00000001 00000001 00000001 00000001 00000001 00000001 00000001 00000001 00000001 00000001 00000001 00000001 00000001 00000001 00000001 00000001 00000001 00000001 
core   0: 0x800002d4 (0x6ec4c8d7) vmslt.vx v17, v12, x9
core   0: 3 0x800002d4 (0x6ec4c8d7) c8_vstart 0x00000000 e32 m1 l32 v17 ffffffff 0x00000001 00000001 00000001 00000001 00000001 00000001 00000001 00000001 00000001 00000001 00000001 00000001 00000001 00000001 00000001 00000001 00000001 00000001 00000001 00000001 00000001 00000001 00000001 00000001 00000001 00000001 00000001 00000001 00000001 00000001 00000001 00000001 
core   0: 0x800002d8 (0x27088857) vand.vv v16, v16, v17
core   0: 3 0x800002d8 (0x27088857) c8_vstart 0x00000000 e32 m1 l32 v16 ffffffff 0x00000001 00000001 00000001 00000001 00000001 00000001 00000001 00000001 00000001 00000001 00000001 00000001 00000001 00000001 00000001 00000001 00000001 00000001 00000001 00000001 00000001 00000001 00000001 00000001 00000001 00000001 00000001 00000001 00000001 00000001 00000001 00000001 
core   0: 0x800002dc (0x00000317) auipc   x6, 0x0
core   0: 3 0x800002dc (0x00000317) x6  0x800002dc
core   0: 0x800002e0 (0x0203305b) setrpc  x0, x6, 32
core   0: 3 0x800002e0 (0x0203305b) c2060_rpc 0x800002fc current mask:	ffffffff current npc:	80000320 stack size: 0
core   0: 0x800002e4 (0x0107945b) vbne    v16, v15, pc + 8
core   0: 3 0x800002e4 (0x0107945b) c8_vstart 0x00000000 e32 m1 l32 current mask:	ffffffff current npc:	800002ec stack size: 0
core   0: 0x800002ec (0x0005a7fb) vlw12.v v15, v11, 0
core   0: 3 0x800002ec (0x0005a7fb) e32 m1 l32 v15 ffffffff 0x00000000 00000000 00000000 00000000 00000000 00000000 00000000 00000000 00000000 00000000 00000000 00000000 00000000 00000000 3f7dfdfe 00000000 00000000 3f7efeff 00000000 00000000 00000000 00000000 00000000 00000000 00000000 00000000 00000000 00000000 00000000 00000000 00000000 00000000  c8_vstart 0x00000000 mem 0x90000080 mem 0x900002b0 mem 0x900004e0 mem 0x90000710 mem 0x90000940 mem 0x90000094 mem 0x900002c4 mem 0x900004f4 mem 0x90000724 mem 0x90000954 mem 0x900000a8 mem 0x900002d8 mem 0x90000508 mem 0x90000738 mem 0x90000968 mem 0x900000bc mem 0x900002ec mem 0x9000051c mem 0x9000074c mem 0x9000097c mem 0x900000d0 mem 0x90000300 mem 0x90000530 mem 0x90000760 mem 0x90000990 mem 0x900000d0 mem 0x90000300 mem 0x90000530 mem 0x90000760 mem 0x90000990 mem 0x900000d0 mem 0x90000300
core   0: 0x800002f0 (0x0007287b) vlw12.v v16, v14, 0
core   0: 3 0x800002f0 (0x0007287b) e32 m1 l32 v16 ffffffff 0x3ee9cdd8 3ee9cdd8 3ee9cdd8 3ee9cdd8 3ee9cdd8 3ee9cdd8 3ee9cdd8 3ee9cdd8 3ee9cdd8 3ee9cdd8 3ee9cdd8 3ee9cdd8 3ee9cdd8 3ee9cdd8 3ee9cdd8 3ee9cdd8 3ee9cdd8 3ee9cdd8 3ee9cdd8 3ee9cdd8 3ee9cdd8 3ee9cdd8 3ee9cdd8 3ee9cdd8 3ee9cdd8 3ee9cdd8 3ee9cdd8 3ee9cdd8 3ee9cdd8 3ee9cdd8 3ee9cdd8 3ee9cdd8  c8_vstart 0x00000000 mem 0x90002024 mem 0x90002024 mem 0x90002024 mem 0x90002024 mem 0x90002024 mem 0x90002024 mem 0x90002024 mem 0x90002024 mem 0x90002024 mem 0x90002024 mem 0x90002024 mem 0x90002024 mem 0x90002024 mem 0x90002024 mem 0x90002024 mem 0x90002024 mem 0x90002024 mem 0x90002024 mem 0x90002024 mem 0x90002024 mem 0x90002024 mem 0x90002024 mem 0x90002024 mem 0x90002024 mem 0x90002024 mem 0x90002024 mem 0x90002024 mem 0x90002024 mem 0x90002024 mem 0x90002024 mem 0x90002024 mem 0x90002024
core   0: 0x800002f4 (0xa21817d7) vfmadd.vv v15, v1, v16
core   0: 3 0x800002f4 (0xa21817d7) c8_vstart 0x00000000 c1_fflags 0x00000001 e32 m1 l32 v15 ffffffff 0x3ade121e 3ade121e 3ade121e 3ade121e 3f60ae73 3ade121e 3ade121e 3ade121e 3ade121e 3f60ae73 3ade121e 3ade121e 3f07c4f6 3fc4c27a 3fc84714 3ade121e 3ade121e 3fd127fb 3ade121e 3ec05eed 3ade121e 3ade121e 3ade121e 3ade121e 3ade121e 3ade121e 3ade121e 3ade121e 3ade121e 3ade121e 3ade121e 3ade121e 
core   0: 0x800002f8 (0x02f040d7) vadd.vx v1, v15, x0
core   0: 3 0x800002f8 (0x02f040d7) c8_vstart 0x00000000 e32 m1 l32 v1  ffffffff 0x3ade121e 3ade121e 3ade121e 3ade121e 3f60ae73 3ade121e 3ade121e 3ade121e 3ade121e 3f60ae73 3ade121e 3ade121e 3f07c4f6 3fc4c27a 3fc84714 3ade121e 3ade121e 3fd127fb 3ade121e 3ec05eed 3ade121e 3ade121e 3ade121e 3ade121e 3ade121e 3ade121e 3ade121e 3ade121e 3ade121e 3ade121e 3ade121e 3ade121e 
core   0: 0x800002fc (0x0000205b) join    v0, v0, pc + 0
core   0: 3 0x800002fc (0x0000205b) current mask:	ffffffff current npc:	800002ec stack size: 0
core   0: 0x80000300 (0x5e0047d7) vmv.v.x v15, x0
core   0: 3 0x80000300 (0x5e0047d7) c8_vstart 0x00000000 e32 m1 l32 v15 ffffffff 0x00000000 00000000 00000000 00000000 00000000 00000000 00000000 00000000 00000000 00000000 00000000 00000000 00000000 00000000 00000000 00000000 00000000 00000000 00000000 00000000 00000000 00000000 00000000 00000000 00000000 00000000 00000000 00000000 00000000 00000000 00000000 00000000 
core   0: 0x80000304 (0x02e23757) vadd.vi v14, v14, 4
core   0: 3 0x80000304 (0x02e23757) c8_vstart 0x00000000 e32 m1 l32 v14 ffffffff 0x90002028 90002028 90002028 90002028 90002028 90002028 90002028 90002028 90002028 90002028 90002028 90002028 90002028 90002028 90002028 90002028 90002028 90002028 90002028 90002028 90002028 90002028 90002028 90002028 90002028 90002028 90002028 90002028 90002028 90002028 90002028 90002028 
core   0: 0x80000308 (0x0016968b) vsub12.vi v13, v13, 1
core   0: 3 0x80000308 (0x0016968b) c8_vstart 0x00000000 e32 m1 l32 v13 ffffffff 0x00000000 00000000 00000000 00000000 00000000 00000000 00000000 00000000 00000000 00000000 00000000 00000000 00000000 00000000 00000000 00000000 00000000 00000000 00000000 00000000 00000000 00000000 00000000 00000000 00000000 00000000 00000000 00000000 00000000 00000000 00000000 00000000 
core   0: 0x8000030c (0x02c0b657) vadd.vi v12, v12, 1
core   0: 3 0x8000030c (0x02c0b657) c8_vstart 0x00000000 e32 m1 l32 v12 ffffffff 0x00000019 00000019 00000019 00000019 00000019 00000019 00000019 00000019 00000019 00000019 00000019 00000019 00000014 00000014 00000014 00000014 00000014 0000000f 0000000f 0000000f 0000000f 0000000f 0000000a 0000000a 0000000a 0000000a 0000000a 00000005 00000005 00000005 00000005 00000005 
core   0: 0x80000310 (0x02b235d7) vadd.vi v11, v11, 4
core   0: 3 0x80000310 (0x02b235d7) c8_vstart 0x00000000 e32 m1 l32 v11 ffffffff 0x90000304 900000d4 90000994 90000764 90000534 90000304 900000d4 90000994 90000764 90000534 90000304 900000d4 90000980 90000750 90000520 900002f0 900000c0 9000096c 9000073c 9000050c 900002dc 900000ac 90000958 90000728 900004f8 900002c8 90000098 90000944 90000714 900004e4 900002b4 90000084 
core   0: 0x80000314 (0x00000317) auipc   x6, 0x0
core   0: 3 0x80000314 (0x00000317) x6  0x80000314
core   0: 0x80000318 (0xf943305b) setrpc  x0, x6, -108
core   0: 3 0x80000318 (0xf943305b) c2060_rpc 0x800002a8 current mask:	ffffffff current npc:	800002ec stack size: 0
core   0: 0x8000031c (0xf8d786db) vbeq    v13, v15, pc - 116
core   0: 3 0x8000031c (0xf8d786db) c8_vstart 0x00000000 e32 m1 l32 current mask:	ffffffff current npc:	800002a8 stack size: 0
core   0: 0x800002a8 (0x0000205b) join    v0, v0, pc + 0
core   0: 3 0x800002a8 (0x0000205b) current mask:	ffffffff current npc:	800002a8 stack size: 0
core   0: 0x800002ac (0x0270b3d7) vadd.vi v7, v7, 1
core   0: 3 0x800002ac (0x0270b3d7) c8_vstart 0x00000000 e32 m1 l32 v7  ffffffff 0x00000002 00000002 00000002 00000002 00000002 00000002 00000002 00000002 00000002 00000002 00000002 00000002 00000002 00000002 00000002 00000002 00000002 00000002 00000002 00000002 00000002 00000002 00000002 00000002 00000002 00000002 00000002 00000002 00000002 00000002 00000002 00000002 
core   0: 0x800002b0 (0x029644d7) vadd.vx v9, v9, x12
core   0: 3 0x800002b0 (0x029644d7) c8_vstart 0x00000000 e32 m1 l32 v9  ffffffff 0x90002028 90002028 90002028 90002028 90002028 90002028 90002028 90002028 90002028 90002028 90002028 90002028 90002028 90002028 90002028 90002028 90002028 90002028 90002028 90002028 90002028 90002028 90002028 90002028 90002028 90002028 90002028 90002028 90002028 90002028 90002028 90002028 
core   0: 0x800002b4 (0x5e03c557) vmv.v.x v10, x7
core   0: 3 0x800002b4 (0x5e03c557) c8_vstart 0x00000000 e32 m1 l32 v10 ffffffff 0x00000005 00000005 00000005 00000005 00000005 00000005 00000005 00000005 00000005 00000005 00000005 00000005 00000005 00000005 00000005 00000005 00000005 00000005 00000005 00000005 00000005 00000005 00000005 00000005 00000005 00000005 00000005 00000005 00000005 00000005 00000005 00000005 
core   0: 0x800002b8 (0x02874457) vadd.vx v8, v8, x14
core   0: 3 0x800002b8 (0x02874457) c8_vstart 0x00000000 e32 m1 l32 v8  ffffffff 0x90000360 90000130 900009f0 900007c0 90000590 90000360 90000130 900009f0 900007c0 90000590 90000360 90000130 900009dc 900007ac 9000057c 9000034c 9000011c 900009c8 90000798 90000568 90000338 90000108 900009b4 90000784 90000554 90000324 900000f4 900009a0 90000770 90000540 90000310 900000e0 
core   0: 0x800002bc (0x00000317) auipc   x6, 0x0
core   0: 3 0x800002bc (0x00000317) x6  0x800002bc
core   0: 0x800002c0 (0xfc83305b) setrpc  x0, x6, -56
core   0: 3 0x800002c0 (0xfc83305b) c2060_rpc 0x80000284 current mask:	ffffffff current npc:	800002a8 stack size: 0
core   0: 0x800002c4 (0xfc7500db) vbeq    v7, v10, pc - 64
core   0: 3 0x800002c4 (0xfc7500db) c8_vstart 0x00000000 e32 m1 l32 current mask:	ffffffff current npc:	800002c8 stack size: 0
core   0: 0x800002c8 (0xf9dff06f) j       pc - 0x64
core   0: 3 0x800002c8 (0xf9dff06f)
core   0: 0x80000264 (0x00504463) blt     x0, x5, pc + 8
core   0: 3 0x80000264 (0x00504463)
core   0: 0x8000026c (0x02718557) vadd.vv v10, v7, v3
core   0: 3 0x8000026c (0x02718557) c8_vstart 0x00000000 e32 m1 l32 v10 ffffffff 0x00000007 00000002 00000016 00000011 0000000c 00000007 00000002 00000016 00000011 0000000c 00000007 00000002 00000016 00000011 0000000c 00000007 00000002 00000016 00000011 0000000c 00000007 00000002 00000016 00000011 0000000c 00000007 00000002 00000016 00000011 0000000c 00000007 00000002 
core   0: 0x80000270 (0x028045d7) vadd.vx v11, v8, x0
core   0: 3 0x80000270 (0x028045d7) c8_vstart 0x00000000 e32 m1 l32 v11 ffffffff 0x90000360 90000130 900009f0 900007c0 90000590 90000360 90000130 900009f0 900007c0 90000590 90000360 90000130 900009dc 900007ac 9000057c 9000034c 9000011c 900009c8 90000798 90000568 90000338 90000108 900009b4 90000784 90000554 90000324 900000f4 900009a0 90000770 90000540 90000310 900000e0 
core   0: 0x80000274 (0x02404657) vadd.vx v12, v4, x0
core   0: 3 0x80000274 (0x02404657) c8_vstart 0x00000000 e32 m1 l32 v12 ffffffff 0x00000014 00000014 00000014 00000014 00000014 00000014 00000014 00000014 00000014 00000014 00000014 00000014 0000000f 0000000f 0000000f 0000000f 0000000f 0000000a 0000000a 0000000a 0000000a 0000000a 00000005 00000005 00000005 00000005 00000005 00000000 00000000 00000000 00000000 00000000 
core   0: 0x80000278 (0x5e02c6d7) vmv.v.x v13, x5
core   0: 3 0x80000278 (0x5e02c6d7) c8_vstart 0x00000000 e32 m1 l32 v13 ffffffff 0x00000005 00000005 00000005 00000005 00000005 00000005 00000005 00000005 00000005 00000005 00000005 00000005 00000005 00000005 00000005 00000005 00000005 00000005 00000005 00000005 00000005 00000005 00000005 00000005 00000005 00000005 00000005 00000005 00000005 00000005 00000005 00000005 
core   0: 0x8000027c (0x02904757) vadd.vx v14, v9, x0
core   0: 3 0x8000027c (0x02904757) c8_vstart 0x00000000 e32 m1 l32 v14 ffffffff 0x90002028 90002028 90002028 90002028 90002028 90002028 90002028 90002028 90002028 90002028 90002028 90002028 90002028 90002028 90002028 90002028 90002028 90002028 90002028 90002028 90002028 90002028 90002028 90002028 90002028 90002028 90002028 90002028 90002028 90002028 90002028 90002028 
core   0: 0x80000280 (0x04c0006f) j       pc + 0x4c
core   0: 3 0x80000280 (0x04c0006f)
core   0: 0x800002cc (0x5e0047d7) vmv.v.x v15, x0
core   0: 3 0x800002cc (0x5e0047d7) c8_vstart 0x00000000 e32 m1 l32 v15 ffffffff 0x00000000 00000000 00000000 00000000 00000000 00000000 00000000 00000000 00000000 00000000 00000000 00000000 00000000 00000000 00000000 00000000 00000000 00000000 00000000 00000000 00000000 00000000 00000000 00000000 00000000 00000000 00000000 00000000 00000000 00000000 00000000 00000000 
core   0: 0x800002d0 (0x6ea54857) vmslt.vx v16, v10, x10
core   0: 3 0x800002d0 (0x6ea54857) c8_vstart 0x00000000 e32 m1 l32 v16 ffffffff 0x00000001 00000001 00000001 00000001 00000001 00000001 00000001 00000001 00000001 00000001 00000001 00000001 00000001 00000001 00000001 00000001 00000001 00000001 00000001 00000001 00000001 00000001 00000001 00000001 00000001 00000001 00000001 00000001 00000001 00000001 00000001 00000001 
core   0: 0x800002d4 (0x6ec4c8d7) vmslt.vx v17, v12, x9
core   0: 3 0x800002d4 (0x6ec4c8d7) c8_vstart 0x00000000 e32 m1 l32 v17 ffffffff 0x00000001 00000001 00000001 00000001 00000001 00000001 00000001 00000001 00000001 00000001 00000001 00000001 00000001 00000001 00000001 00000001 00000001 00000001 00000001 00000001 00000001 00000001 00000001 00000001 00000001 00000001 00000001 00000001 00000001 00000001 00000001 00000001 
core   0: 0x800002d8 (0x27088857) vand.vv v16, v16, v17
core   0: 3 0x800002d8 (0x27088857) c8_vstart 0x00000000 e32 m1 l32 v16 ffffffff 0x00000001 00000001 00000001 00000001 00000001 00000001 00000001 00000001 00000001 00000001 00000001 00000001 00000001 00000001 00000001 00000001 00000001 00000001 00000001 00000001 00000001 00000001 00000001 00000001 00000001 00000001 00000001 00000001 00000001 00000001 00000001 00000001 
core   0: 0x800002dc (0x00000317) auipc   x6, 0x0
core   0: 3 0x800002dc (0x00000317) x6  0x800002dc
core   0: 0x800002e0 (0x0203305b) setrpc  x0, x6, 32
core   0: 3 0x800002e0 (0x0203305b) c2060_rpc 0x800002fc current mask:	ffffffff current npc:	800002c8 stack size: 0
core   0: 0x800002e4 (0x0107945b) vbne    v16, v15, pc + 8
core   0: 3 0x800002e4 (0x0107945b) c8_vstart 0x00000000 e32 m1 l32 current mask:	ffffffff current npc:	800002ec stack size: 0
core   0: 0x800002ec (0x0005a7fb) vlw12.v v15, v11, 0
core   0: 3 0x800002ec (0x0005a7fb) e32 m1 l32 v15 ffffffff 0x00000000 00000000 00000000 00000000 3ea6a6a7 00000000 00000000 00000000 00000000 3ea6a6a7 00000000 00000000 3b808081 3efcfcfd 00000000 00000000 00000000 00000000 00000000 00000000 3e70f0f1 00000000 00000000 00000000 00000000 00000000 00000000 00000000 00000000 00000000 00000000 00000000  c8_vstart 0x00000000 mem 0x900000e0 mem 0x90000310 mem 0x90000540 mem 0x90000770 mem 0x900009a0 mem 0x900000f4 mem 0x90000324 mem 0x90000554 mem 0x90000784 mem 0x900009b4 mem 0x90000108 mem 0x90000338 mem 0x90000568 mem 0x90000798 mem 0x900009c8 mem 0x9000011c mem 0x9000034c mem 0x9000057c mem 0x900007ac mem 0x900009dc mem 0x90000130 mem 0x90000360 mem 0x90000590 mem 0x900007c0 mem 0x900009f0 mem 0x90000130 mem 0x90000360 mem 0x90000590 mem 0x900007c0 mem 0x900009f0 mem 0x90000130 mem 0x90000360
core   0: 0x800002f0 (0x0007287b) vlw12.v v16, v14, 0
core   0: 3 0x800002f0 (0x0007287b) e32 m1 l32 v16 ffffffff 0x3ebbb764 3ebbb764 3ebbb764 3ebbb764 3ebbb764 3ebbb764 3ebbb764 3ebbb764 3ebbb764 3ebbb764 3ebbb764 3ebbb764 3ebbb764 3ebbb764 3ebbb764 3ebbb764 3ebbb764 3ebbb764 3ebbb764 3ebbb764 3ebbb764 3ebbb764 3ebbb764 3ebbb764 3ebbb764 3ebbb764 3ebbb764 3ebbb764 3ebbb764 3ebbb764 3ebbb764 3ebbb764  c8_vstart 0x00000000 mem 0x90002028 mem 0x90002028 mem 0x90002028 mem 0x90002028 mem 0x90002028 mem 0x90002028 mem 0x90002028 mem 0x90002028 mem 0x90002028 mem 0x90002028 mem 0x90002028 mem 0x90002028 mem 0x90002028 mem 0x90002028 mem 0x90002028 mem 0x90002028 mem 0x90002028 mem 0x90002028 mem 0x90002028 mem 0x90002028 mem 0x90002028 mem 0x90002028 mem 0x90002028 mem 0x90002028 mem 0x90002028 mem 0x90002028 mem 0x90002028 mem 0x90002028 mem 0x90002028 mem 0x90002028 mem 0x90002028 mem 0x90002028
core   0: 0x800002f4 (0xa21817d7) vfmadd.vv v15, v1, v16
core   0: 3 0x800002f4 (0xa21817d7) c8_vstart 0x00000000 c1_fflags 0x00000001 e32 m1 l32 v15 ffffffff 0x3ade121e 3ade121e 3ade121e 3ade121e 3f7f3b3b 3ade121e 3ade121e 3ade121e 3ade121e 3f7f3b3b 3ade121e 3ade121e 3f082330 3fdbf2bb 3fc84714 3ade121e 3ade121e 3fd127fb 3ade121e 3ec05eed 3db424e3 3ade121e 3ade121e 3ade121e 3ade121e 3ade121e 3ade121e 3ade121e 3ade121e 3ade121e 3ade121e 3ade121e 
core   0: 0x800002f8 (0x02f040d7) vadd.vx v1, v15, x0
core   0: 3 0x800002f8 (0x02f040d7) c8_vstart 0x00000000 e32 m1 l32 v1  ffffffff 0x3ade121e 3ade121e 3ade121e 3ade121e 3f7f3b3b 3ade121e 3ade121e 3ade121e 3ade121e 3f7f3b3b 3ade121e 3ade121e 3f082330 3fdbf2bb 3fc84714 3ade121e 3ade121e 3fd127fb 3ade121e 3ec05eed 3db424e3 3ade121e 3ade121e 3ade121e 3ade121e 3ade121e 3ade121e 3ade121e 3ade121e 3ade121e 3ade121e 3ade121e 
core   0: 0x800002fc (0x0000205b) join    v0, v0, pc + 0
core   0: 3 0x800002fc (0x0000205b) current mask:	ffffffff current npc:	800002ec stack size: 0
core   0: 0x80000300 (0x5e0047d7) vmv.v.x v15, x0
core   0: 3 0x80000300 (0x5e0047d7) c8_vstart 0x00000000 e32 m1 l32 v15 ffffffff 0x00000000 00000000 00000000 00000000 00000000 00000000 00000000 00000000 00000000 00000000 00000000 00000000 00000000 00000000 00000000 00000000 00000000 00000000 00000000 00000000 00000000 00000000 00000000 00000000 00000000 00000000 00000000 00000000 00000000 00000000 00000000 00000000 
core   0: 0x80000304 (0x02e23757) vadd.vi v14, v14, 4
core   0: 3 0x80000304 (0x02e23757) c8_vstart 0x00000000 e32 m1 l32 v14 ffffffff 0x9000202c 9000202c 9000202c 9000202c 9000202c 9000202c 9000202c 9000202c 9000202c 9000202c 9000202c 9000202c 9000202c 9000202c 9000202c 9000202c 9000202c 9000202c 9000202c 9000202c 9000202c 9000202c 9000202c 9000202c 9000202c 9000202c 9000202c 9000202c 9000202c 9000202c 9000202c 9000202c 
core   0: 0x80000308 (0x0016968b) vsub12.vi v13, v13, 1
core   0: 3 0x80000308 (0x0016968b) c8_vstart 0x00000000 e32 m1 l32 v13 ffffffff 0x00000004 00000004 00000004 00000004 00000004 00000004 00000004 00000004 00000004 00000004 00000004 00000004 00000004 00000004 00000004 00000004 00000004 00000004 00000004 00000004 00000004 00000004 00000004 00000004 00000004 00000004 00000004 00000004 00000004 00000004 00000004 00000004 
core   0: 0x8000030c (0x02c0b657) vadd.vi v12, v12, 1
core   0: 3 0x8000030c (0x02c0b657) c8_vstart 0x00000000 e32 m1 l32 v12 ffffffff 0x00000015 00000015 00000015 00000015 00000015 00000015 00000015 00000015 00000015 00000015 00000015 00000015 00000010 00000010 00000010 00000010 00000010 0000000b 0000000b 0000000b 0000000b 0000000b 00000006 00000006 00000006 00000006 00000006 00000001 00000001 00000001 00000001 00000001 
core   0: 0x80000310 (0x02b235d7) vadd.vi v11, v11, 4
core   0: 3 0x80000310 (0x02b235d7) c8_vstart 0x00000000 e32 m1 l32 v11 ffffffff 0x90000364 90000134 900009f4 900007c4 90000594 90000364 90000134 900009f4 900007c4 90000594 90000364 90000134 900009e0 900007b0 90000580 90000350 90000120 900009cc 9000079c 9000056c 9000033c 9000010c 900009b8 90000788 90000558 90000328 900000f8 900009a4 90000774 90000544 90000314 900000e4 
core   0: 0x80000314 (0x00000317) auipc   x6, 0x0
core   0: 3 0x80000314 (0x00000317) x6  0x80000314
core   0: 0x80000318 (0xf943305b) setrpc  x0, x6, -108
core   0: 3 0x80000318 (0xf943305b) c2060_rpc 0x800002a8 current mask:	ffffffff current npc:	800002ec stack size: 0
core   0: 0x8000031c (0xf8d786db) vbeq    v13, v15, pc - 116
core   0: 3 0x8000031c (0xf8d786db) c8_vstart 0x00000000 e32 m1 l32 current mask:	ffffffff current npc:	80000320 stack size: 0
core   0: 0x80000320 (0xfadff06f) j       pc - 0x54
core   0: 3 0x80000320 (0xfadff06f)
core   0: 0x800002cc (0x5e0047d7) vmv.v.x v15, x0
core   0: 3 0x800002cc (0x5e0047d7) c8_vstart 0x00000000 e32 m1 l32 v15 ffffffff 0x00000000 00000000 00000000 00000000 00000000 00000000 00000000 00000000 00000000 00000000 00000000 00000000 00000000 00000000 00000000 00000000 00000000 00000000 00000000 00000000 00000000 00000000 00000000 00000000 00000000 00000000 00000000 00000000 00000000 00000000 00000000 00000000 
core   0: 0x800002d0 (0x6ea54857) vmslt.vx v16, v10, x10
core   0: 3 0x800002d0 (0x6ea54857) c8_vstart 0x00000000 e32 m1 l32 v16 ffffffff 0x00000001 00000001 00000001 00000001 00000001 00000001 00000001 00000001 00000001 00000001 00000001 00000001 00000001 00000001 00000001 00000001 00000001 00000001 00000001 00000001 00000001 00000001 00000001 00000001 00000001 00000001 00000001 00000001 00000001 00000001 00000001 00000001 
core   0: 0x800002d4 (0x6ec4c8d7) vmslt.vx v17, v12, x9
core   0: 3 0x800002d4 (0x6ec4c8d7) c8_vstart 0x00000000 e32 m1 l32 v17 ffffffff 0x00000001 00000001 00000001 00000001 00000001 00000001 00000001 00000001 00000001 00000001 00000001 00000001 00000001 00000001 00000001 00000001 00000001 00000001 00000001 00000001 00000001 00000001 00000001 00000001 00000001 00000001 00000001 00000001 00000001 00000001 00000001 00000001 
core   0: 0x800002d8 (0x27088857) vand.vv v16, v16, v17
core   0: 3 0x800002d8 (0x27088857) c8_vstart 0x00000000 e32 m1 l32 v16 ffffffff 0x00000001 00000001 00000001 00000001 00000001 00000001 00000001 00000001 00000001 00000001 00000001 00000001 00000001 00000001 00000001 00000001 00000001 00000001 00000001 00000001 00000001 00000001 00000001 00000001 00000001 00000001 00000001 00000001 00000001 00000001 00000001 00000001 
core   0: 0x800002dc (0x00000317) auipc   x6, 0x0
core   0: 3 0x800002dc (0x00000317) x6  0x800002dc
core   0: 0x800002e0 (0x0203305b) setrpc  x0, x6, 32
core   0: 3 0x800002e0 (0x0203305b) c2060_rpc 0x800002fc current mask:	ffffffff current npc:	80000320 stack size: 0
core   0: 0x800002e4 (0x0107945b) vbne    v16, v15, pc + 8
core   0: 3 0x800002e4 (0x0107945b) c8_vstart 0x00000000 e32 m1 l32 current mask:	ffffffff current npc:	800002ec stack size: 0
core   0: 0x800002ec (0x0005a7fb) vlw12.v v15, v11, 0
core   0: 3 0x800002ec (0x0005a7fb) e32 m1 l32 v15 ffffffff 0x00000000 00000000 00000000 00000000 00000000 00000000 00000000 00000000 00000000 00000000 00000000 00000000 00000000 3f7efeff 00000000 00000000 00000000 3df8f8f9 00000000 00000000 3e109091 00000000 00000000 00000000 00000000 3ea8a8a9 00000000 00000000 00000000 00000000 00000000 00000000  c8_vstart 0x00000000 mem 0x900000e4 mem 0x90000314 mem 0x90000544 mem 0x90000774 mem 0x900009a4 mem 0x900000f8 mem 0x90000328 mem 0x90000558 mem 0x90000788 mem 0x900009b8 mem 0x9000010c mem 0x9000033c mem 0x9000056c mem 0x9000079c mem 0x900009cc mem 0x90000120 mem 0x90000350 mem 0x90000580 mem 0x900007b0 mem 0x900009e0 mem 0x90000134 mem 0x90000364 mem 0x90000594 mem 0x900007c4 mem 0x900009f4 mem 0x90000134 mem 0x90000364 mem 0x90000594 mem 0x900007c4 mem 0x900009f4 mem 0x90000134 mem 0x90000364
core   0: 0x800002f0 (0x0007287b) vlw12.v v16, v14, 0
core   0: 3 0x800002f0 (0x0007287b) e32 m1 l32 v16 ffffffff 0x3eaae639 3eaae639 3eaae639 3eaae639 3eaae639 3eaae639 3eaae639 3eaae639 3eaae639 3eaae639 3eaae639 3eaae639 3eaae639 3eaae639 3eaae639 3eaae639 3eaae639 3eaae639 3eaae639 3eaae639 3eaae639 3eaae639 3eaae639 3eaae639 3eaae639 3eaae639 3eaae639 3eaae639 3eaae639 3eaae639 3eaae639 3eaae639  c8_vstart 0x00000000 mem 0x9000202c mem 0x9000202c mem 0x9000202c mem 0x9000202c mem 0x9000202c mem 0x9000202c mem 0x9000202c mem 0x9000202c mem 0x9000202c mem 0x9000202c mem 0x9000202c mem 0x9000202c mem 0x9000202c mem 0x9000202c mem 0x9000202c mem 0x9000202c mem 0x9000202c mem 0x9000202c mem 0x9000202c mem 0x9000202c mem 0x9000202c mem 0x9000202c mem 0x9000202c mem 0x9000202c mem 0x9000202c mem 0x9000202c mem 0x9000202c mem 0x9000202c mem 0x9000202c mem 0x9000202c mem 0x9000202c mem 0x9000202c
core   0: 0x800002f4 (0xa21817d7) vfmadd.vv v15, v1, v16
core   0: 3 0x800002f4 (0xa21817d7) c8_vstart 0x00000000 c1_fflags 0x00000001 e32 m1 l32 v15 ffffffff 0x3ade121e 3ade121e 3ade121e 3ade121e 3f7f3b3b 3ade121e 3ade121e 3ade121e 3ade121e 3f7f3b3b 3ade121e 3ade121e 3f082330 400340b2 3fc84714 3ade121e 3ade121e 3fd659a5 3ade121e 3ec05eed 3e0a5373 3ade121e 3ade121e 3ade121e 3ade121e 3de4a7a3 3ade121e 3ade121e 3ade121e 3ade121e 3ade121e 3ade121e 
core   0: 0x800002f8 (0x02f040d7) vadd.vx v1, v15, x0
core   0: 3 0x800002f8 (0x02f040d7) c8_vstart 0x00000000 e32 m1 l32 v1  ffffffff 0x3ade121e 3ade121e 3ade121e 3ade121e 3f7f3b3b 3ade121e 3ade121e 3ade121e 3ade121e 3f7f3b3b 3ade121e 3ade121e 3f082330 400340b2 3fc84714 3ade121e 3ade121e 3fd659a5 3ade121e 3ec05eed 3e0a5373 3ade121e 3ade121e 3ade121e 3ade121e 3de4a7a3 3ade121e 3ade121e 3ade121e 3ade121e 3ade121e 3ade121e 
core   0: 0x800002fc (0x0000205b) join    v0, v0, pc + 0
core   0: 3 0x800002fc (0x0000205b) current mask:	ffffffff current npc:	800002ec stack size: 0
core   0: 0x80000300 (0x5e0047d7) vmv.v.x v15, x0
core   0: 3 0x80000300 (0x5e0047d7) c8_vstart 0x00000000 e32 m1 l32 v15 ffffffff 0x00000000 00000000 00000000 00000000 00000000 00000000 00000000 00000000 00000000 00000000 00000000 00000000 00000000 00000000 00000000 00000000 00000000 00000000 00000000 00000000 00000000 00000000 00000000 00000000 00000000 00000000 00000000 00000000 00000000 00000000 00000000 00000000 
core   0: 0x80000304 (0x02e23757) vadd.vi v14, v14, 4
core   0: 3 0x80000304 (0x02e23757) c8_vstart 0x00000000 e32 m1 l32 v14 ffffffff 0x90002030 90002030 90002030 90002030 90002030 90002030 90002030 90002030 90002030 90002030 90002030 90002030 90002030 90002030 90002030 90002030 90002030 90002030 90002030 90002030 90002030 90002030 90002030 90002030 90002030 90002030 90002030 90002030 90002030 90002030 90002030 90002030 
core   0: 0x80000308 (0x0016968b) vsub12.vi v13, v13, 1
core   0: 3 0x80000308 (0x0016968b) c8_vstart 0x00000000 e32 m1 l32 v13 ffffffff 0x00000003 00000003 00000003 00000003 00000003 00000003 00000003 00000003 00000003 00000003 00000003 00000003 00000003 00000003 00000003 00000003 00000003 00000003 00000003 00000003 00000003 00000003 00000003 00000003 00000003 00000003 00000003 00000003 00000003 00000003 00000003 00000003 
core   0: 0x8000030c (0x02c0b657) vadd.vi v12, v12, 1
core   0: 3 0x8000030c (0x02c0b657) c8_vstart 0x00000000 e32 m1 l32 v12 ffffffff 0x00000016 00000016 00000016 00000016 00000016 00000016 00000016 00000016 00000016 00000016 00000016 00000016 00000011 00000011 00000011 00000011 00000011 0000000c 0000000c 0000000c 0000000c 0000000c 00000007 00000007 00000007 00000007 00000007 00000002 00000002 00000002 00000002 00000002 
core   0: 0x80000310 (0x02b235d7) vadd.vi v11, v11, 4
core   0: 3 0x80000310 (0x02b235d7) c8_vstart 0x00000000 e32 m1 l32 v11 ffffffff 0x90000368 90000138 900009f8 900007c8 90000598 90000368 90000138 900009f8 900007c8 90000598 90000368 90000138 900009e4 900007b4 90000584 90000354 90000124 900009d0 900007a0 90000570 90000340 90000110 900009bc 9000078c 9000055c 9000032c 900000fc 900009a8 90000778 90000548 90000318 900000e8 
core   0: 0x80000314 (0x00000317) auipc   x6, 0x0
core   0: 3 0x80000314 (0x00000317) x6  0x80000314
core   0: 0x80000318 (0xf943305b) setrpc  x0, x6, -108
core   0: 3 0x80000318 (0xf943305b) c2060_rpc 0x800002a8 current mask:	ffffffff current npc:	800002ec stack size: 0
core   0: 0x8000031c (0xf8d786db) vbeq    v13, v15, pc - 116
core   0: 3 0x8000031c (0xf8d786db) c8_vstart 0x00000000 e32 m1 l32 current mask:	ffffffff current npc:	80000320 stack size: 0
core   0: 0x80000320 (0xfadff06f) j       pc - 0x54
core   0: 3 0x80000320 (0xfadff06f)
core   0: 0x800002cc (0x5e0047d7) vmv.v.x v15, x0
core   0: 3 0x800002cc (0x5e0047d7) c8_vstart 0x00000000 e32 m1 l32 v15 ffffffff 0x00000000 00000000 00000000 00000000 00000000 00000000 00000000 00000000 00000000 00000000 00000000 00000000 00000000 00000000 00000000 00000000 00000000 00000000 00000000 00000000 00000000 00000000 00000000 00000000 00000000 00000000 00000000 00000000 00000000 00000000 00000000 00000000 
core   0: 0x800002d0 (0x6ea54857) vmslt.vx v16, v10, x10
core   0: 3 0x800002d0 (0x6ea54857) c8_vstart 0x00000000 e32 m1 l32 v16 ffffffff 0x00000001 00000001 00000001 00000001 00000001 00000001 00000001 00000001 00000001 00000001 00000001 00000001 00000001 00000001 00000001 00000001 00000001 00000001 00000001 00000001 00000001 00000001 00000001 00000001 00000001 00000001 00000001 00000001 00000001 00000001 00000001 00000001 
core   0: 0x800002d4 (0x6ec4c8d7) vmslt.vx v17, v12, x9
core   0: 3 0x800002d4 (0x6ec4c8d7) c8_vstart 0x00000000 e32 m1 l32 v17 ffffffff 0x00000001 00000001 00000001 00000001 00000001 00000001 00000001 00000001 00000001 00000001 00000001 00000001 00000001 00000001 00000001 00000001 00000001 00000001 00000001 00000001 00000001 00000001 00000001 00000001 00000001 00000001 00000001 00000001 00000001 00000001 00000001 00000001 
core   0: 0x800002d8 (0x27088857) vand.vv v16, v16, v17
core   0: 3 0x800002d8 (0x27088857) c8_vstart 0x00000000 e32 m1 l32 v16 ffffffff 0x00000001 00000001 00000001 00000001 00000001 00000001 00000001 00000001 00000001 00000001 00000001 00000001 00000001 00000001 00000001 00000001 00000001 00000001 00000001 00000001 00000001 00000001 00000001 00000001 00000001 00000001 00000001 00000001 00000001 00000001 00000001 00000001 
core   0: 0x800002dc (0x00000317) auipc   x6, 0x0
core   0: 3 0x800002dc (0x00000317) x6  0x800002dc
core   0: 0x800002e0 (0x0203305b) setrpc  x0, x6, 32
core   0: 3 0x800002e0 (0x0203305b) c2060_rpc 0x800002fc current mask:	ffffffff current npc:	80000320 stack size: 0
core   0: 0x800002e4 (0x0107945b) vbne    v16, v15, pc + 8
core   0: 3 0x800002e4 (0x0107945b) c8_vstart 0x00000000 e32 m1 l32 current mask:	ffffffff current npc:	800002ec stack size: 0
core   0: 0x800002ec (0x0005a7fb) vlw12.v v15, v11, 0
core   0: 3 0x800002ec (0x0005a7fb) e32 m1 l32 v15 ffffffff 0x00000000 00000000 00000000 00000000 00000000 00000000 00000000 00000000 00000000 00000000 00000000 00000000 00000000 3f36b6b7 3db0b0b1 00000000 00000000 3f60e0e1 00000000 00000000 00000000 00000000 00000000 00000000 00000000 3f39b9ba 00000000 00000000 00000000 00000000 00000000 00000000  c8_vstart 0x00000000 mem 0x900000e8 mem 0x90000318 mem 0x90000548 mem 0x90000778 mem 0x900009a8 mem 0x900000fc mem 0x9000032c mem 0x9000055c mem 0x9000078c mem 0x900009bc mem 0x90000110 mem 0x90000340 mem 0x90000570 mem 0x900007a0 mem 0x900009d0 mem 0x90000124 mem 0x90000354 mem 0x90000584 mem 0x900007b4 mem 0x900009e4 mem 0x90000138 mem 0x90000368 mem 0x90000598 mem 0x900007c8 mem 0x900009f8 mem 0x90000138 mem 0x90000368 mem 0x90000598 mem 0x900007c8 mem 0x900009f8 mem 0x90000138 mem 0x90000368
core   0: 0x800002f0 (0x0007287b) vlw12.v v16, v14, 0
core   0: 3 0x800002f0 (0x0007287b) e32 m1 l32 v16 ffffffff 0x3ecffa04 3ecffa04 3ecffa04 3ecffa04 3ecffa04 3ecffa04 3ecffa04 3ecffa04 3ecffa04 3ecffa04 3ecffa04 3ecffa04 3ecffa04 3ecffa04 3ecffa04 3ecffa04 3ecffa04 3ecffa04 3ecffa04 3ecffa04 3ecffa04 3ecffa04 3ecffa04 3ecffa04 3ecffa04 3ecffa04 3ecffa04 3ecffa04 3ecffa04 3ecffa04 3ecffa04 3ecffa04  c8_vstart 0x00000000 mem 0x90002030 mem 0x90002030 mem 0x90002030 mem 0x90002030 mem 0x90002030 mem 0x90002030 mem 0x90002030 mem 0x90002030 mem 0x90002030 mem 0x90002030 mem 0x90002030 mem 0x90002030 mem 0x90002030 mem 0x90002030 mem 0x90002030 mem 0x90002030 mem 0x90002030 mem 0x90002030 mem 0x90002030 mem 0x90002030 mem 0x90002030 mem 0x90002030 mem 0x90002030 mem 0x90002030 mem 0x90002030 mem 0x90002030 mem 0x90002030 mem 0x90002030 mem 0x90002030 mem 0x90002030 mem 0x90002030 mem 0x90002030
core   0: 0x800002f4 (0xa21817d7) vfmadd.vv v15, v1, v16
core   0: 3 0x800002f4 (0xa21817d7) c8_vstart 0x00000000 c1_fflags 0x00000001 e32 m1 l32 v15 ffffffff 0x3ade121e 3ade121e 3ade121e 3ade121e 3f7f3b3b 3ade121e 3ade121e 3ade121e 3ade121e 3f7f3b3b 3ade121e 3ade121e 3f082330 4015ceb8 3fccc36f 3ade121e 3ade121e 40020301 3ade121e 3ec05eed 3e0a5373 3ade121e 3ade121e 3ade121e 3ade121e 3ed00c78 3ade121e 3ade121e 3ade121e 3ade121e 3ade121e 3ade121e 
core   0: 0x800002f8 (0x02f040d7) vadd.vx v1, v15, x0
core   0: 3 0x800002f8 (0x02f040d7) c8_vstart 0x00000000 e32 m1 l32 v1  ffffffff 0x3ade121e 3ade121e 3ade121e 3ade121e 3f7f3b3b 3ade121e 3ade121e 3ade121e 3ade121e 3f7f3b3b 3ade121e 3ade121e 3f082330 4015ceb8 3fccc36f 3ade121e 3ade121e 40020301 3ade121e 3ec05eed 3e0a5373 3ade121e 3ade121e 3ade121e 3ade121e 3ed00c78 3ade121e 3ade121e 3ade121e 3ade121e 3ade121e 3ade121e 
core   0: 0x800002fc (0x0000205b) join    v0, v0, pc + 0
core   0: 3 0x800002fc (0x0000205b) current mask:	ffffffff current npc:	800002ec stack size: 0
core   0: 0x80000300 (0x5e0047d7) vmv.v.x v15, x0
core   0: 3 0x80000300 (0x5e0047d7) c8_vstart 0x00000000 e32 m1 l32 v15 ffffffff 0x00000000 00000000 00000000 00000000 00000000 00000000 00000000 00000000 00000000 00000000 00000000 00000000 00000000 00000000 00000000 00000000 00000000 00000000 00000000 00000000 00000000 00000000 00000000 00000000 00000000 00000000 00000000 00000000 00000000 00000000 00000000 00000000 
core   0: 0x80000304 (0x02e23757) vadd.vi v14, v14, 4
core   0: 3 0x80000304 (0x02e23757) c8_vstart 0x00000000 e32 m1 l32 v14 ffffffff 0x90002034 90002034 90002034 90002034 90002034 90002034 90002034 90002034 90002034 90002034 90002034 90002034 90002034 90002034 90002034 90002034 90002034 90002034 90002034 90002034 90002034 90002034 90002034 90002034 90002034 90002034 90002034 90002034 90002034 90002034 90002034 90002034 
core   0: 0x80000308 (0x0016968b) vsub12.vi v13, v13, 1
core   0: 3 0x80000308 (0x0016968b) c8_vstart 0x00000000 e32 m1 l32 v13 ffffffff 0x00000002 00000002 00000002 00000002 00000002 00000002 00000002 00000002 00000002 00000002 00000002 00000002 00000002 00000002 00000002 00000002 00000002 00000002 00000002 00000002 00000002 00000002 00000002 00000002 00000002 00000002 00000002 00000002 00000002 00000002 00000002 00000002 
core   0: 0x8000030c (0x02c0b657) vadd.vi v12, v12, 1
core   0: 3 0x8000030c (0x02c0b657) c8_vstart 0x00000000 e32 m1 l32 v12 ffffffff 0x00000017 00000017 00000017 00000017 00000017 00000017 00000017 00000017 00000017 00000017 00000017 00000017 00000012 00000012 00000012 00000012 00000012 0000000d 0000000d 0000000d 0000000d 0000000d 00000008 00000008 00000008 00000008 00000008 00000003 00000003 00000003 00000003 00000003 
core   0: 0x80000310 (0x02b235d7) vadd.vi v11, v11, 4
core   0: 3 0x80000310 (0x02b235d7) c8_vstart 0x00000000 e32 m1 l32 v11 ffffffff 0x9000036c 9000013c 900009fc 900007cc 9000059c 9000036c 9000013c 900009fc 900007cc 9000059c 9000036c 9000013c 900009e8 900007b8 90000588 90000358 90000128 900009d4 900007a4 90000574 90000344 90000114 900009c0 90000790 90000560 90000330 90000100 900009ac 9000077c 9000054c 9000031c 900000ec 
core   0: 0x80000314 (0x00000317) auipc   x6, 0x0
core   0: 3 0x80000314 (0x00000317) x6  0x80000314
core   0: 0x80000318 (0xf943305b) setrpc  x0, x6, -108
core   0: 3 0x80000318 (0xf943305b) c2060_rpc 0x800002a8 current mask:	ffffffff current npc:	800002ec stack size: 0
core   0: 0x8000031c (0xf8d786db) vbeq    v13, v15, pc - 116
core   0: 3 0x8000031c (0xf8d786db) c8_vstart 0x00000000 e32 m1 l32 current mask:	ffffffff current npc:	80000320 stack size: 0
core   0: 0x80000320 (0xfadff06f) j       pc - 0x54
core   0: 3 0x80000320 (0xfadff06f)
core   0: 0x800002cc (0x5e0047d7) vmv.v.x v15, x0
core   0: 3 0x800002cc (0x5e0047d7) c8_vstart 0x00000000 e32 m1 l32 v15 ffffffff 0x00000000 00000000 00000000 00000000 00000000 00000000 00000000 00000000 00000000 00000000 00000000 00000000 00000000 00000000 00000000 00000000 00000000 00000000 00000000 00000000 00000000 00000000 00000000 00000000 00000000 00000000 00000000 00000000 00000000 00000000 00000000 00000000 
core   0: 0x800002d0 (0x6ea54857) vmslt.vx v16, v10, x10
core   0: 3 0x800002d0 (0x6ea54857) c8_vstart 0x00000000 e32 m1 l32 v16 ffffffff 0x00000001 00000001 00000001 00000001 00000001 00000001 00000001 00000001 00000001 00000001 00000001 00000001 00000001 00000001 00000001 00000001 00000001 00000001 00000001 00000001 00000001 00000001 00000001 00000001 00000001 00000001 00000001 00000001 00000001 00000001 00000001 00000001 
core   0: 0x800002d4 (0x6ec4c8d7) vmslt.vx v17, v12, x9
core   0: 3 0x800002d4 (0x6ec4c8d7) c8_vstart 0x00000000 e32 m1 l32 v17 ffffffff 0x00000001 00000001 00000001 00000001 00000001 00000001 00000001 00000001 00000001 00000001 00000001 00000001 00000001 00000001 00000001 00000001 00000001 00000001 00000001 00000001 00000001 00000001 00000001 00000001 00000001 00000001 00000001 00000001 00000001 00000001 00000001 00000001 
core   0: 0x800002d8 (0x27088857) vand.vv v16, v16, v17
core   0: 3 0x800002d8 (0x27088857) c8_vstart 0x00000000 e32 m1 l32 v16 ffffffff 0x00000001 00000001 00000001 00000001 00000001 00000001 00000001 00000001 00000001 00000001 00000001 00000001 00000001 00000001 00000001 00000001 00000001 00000001 00000001 00000001 00000001 00000001 00000001 00000001 00000001 00000001 00000001 00000001 00000001 00000001 00000001 00000001 
core   0: 0x800002dc (0x00000317) auipc   x6, 0x0
core   0: 3 0x800002dc (0x00000317) x6  0x800002dc
core   0: 0x800002e0 (0x0203305b) setrpc  x0, x6, 32
core   0: 3 0x800002e0 (0x0203305b) c2060_rpc 0x800002fc current mask:	ffffffff current npc:	80000320 stack size: 0
core   0: 0x800002e4 (0x0107945b) vbne    v16, v15, pc + 8
core   0: 3 0x800002e4 (0x0107945b) c8_vstart 0x00000000 e32 m1 l32 current mask:	ffffffff current npc:	800002ec stack size: 0
core   0: 0x800002ec (0x0005a7fb) vlw12.v v15, v11, 0
core   0: 3 0x800002ec (0x0005a7fb) e32 m1 l32 v15 ffffffff 0x00000000 00000000 00000000 00000000 00000000 00000000 00000000 00000000 00000000 00000000 00000000 00000000 00000000 00000000 3f69e9ea 00000000 00000000 3f7efeff 00000000 00000000 00000000 00000000 00000000 00000000 00000000 3f1f9fa0 00000000 00000000 00000000 00000000 00000000 00000000  c8_vstart 0x00000000 mem 0x900000ec mem 0x9000031c mem 0x9000054c mem 0x9000077c mem 0x900009ac mem 0x90000100 mem 0x90000330 mem 0x90000560 mem 0x90000790 mem 0x900009c0 mem 0x90000114 mem 0x90000344 mem 0x90000574 mem 0x900007a4 mem 0x900009d4 mem 0x90000128 mem 0x90000358 mem 0x90000588 mem 0x900007b8 mem 0x900009e8 mem 0x9000013c mem 0x9000036c mem 0x9000059c mem 0x900007cc mem 0x900009fc mem 0x9000013c mem 0x9000036c mem 0x9000059c mem 0x900007cc mem 0x900009fc mem 0x9000013c mem 0x9000036c
core   0: 0x800002f0 (0x0007287b) vlw12.v v16, v14, 0
core   0: 3 0x800002f0 (0x0007287b) e32 m1 l32 v16 ffffffff 0x3e92d1ac 3e92d1ac 3e92d1ac 3e92d1ac 3e92d1ac 3e92d1ac 3e92d1ac 3e92d1ac 3e92d1ac 3e92d1ac 3e92d1ac 3e92d1ac 3e92d1ac 3e92d1ac 3e92d1ac 3e92d1ac 3e92d1ac 3e92d1ac 3e92d1ac 3e92d1ac 3e92d1ac 3e92d1ac 3e92d1ac 3e92d1ac 3e92d1ac 3e92d1ac 3e92d1ac 3e92d1ac 3e92d1ac 3e92d1ac 3e92d1ac 3e92d1ac  c8_vstart 0x00000000 mem 0x90002034 mem 0x90002034 mem 0x90002034 mem 0x90002034 mem 0x90002034 mem 0x90002034 mem 0x90002034 mem 0x90002034 mem 0x90002034 mem 0x90002034 mem 0x90002034 mem 0x90002034 mem 0x90002034 mem 0x90002034 mem 0x90002034 mem 0x90002034 mem 0x90002034 mem 0x90002034 mem 0x90002034 mem 0x90002034 mem 0x90002034 mem 0x90002034 mem 0x90002034 mem 0x90002034 mem 0x90002034 mem 0x90002034 mem 0x90002034 mem 0x90002034 mem 0x90002034 mem 0x90002034 mem 0x90002034 mem 0x90002034
core   0: 0x800002f4 (0xa21817d7) vfmadd.vv v15, v1, v16
core   0: 3 0x800002f4 (0xa21817d7) c8_vstart 0x00000000 c1_fflags 0x00000001 e32 m1 l32 v15 ffffffff 0x3ade121e 3ade121e 3ade121e 3ade121e 3f7f3b3b 3ade121e 3ade121e 3ade121e 3ade121e 3f7f3b3b 3ade121e 3ade121e 3f082330 4015ceb8 3fee4d2e 3ade121e 3ade121e 40144aca 3ade121e 3ec05eed 3e0a5373 3ade121e 3ade121e 3ade121e 3ade121e 3f15cc1f 3ade121e 3ade121e 3ade121e 3ade121e 3ade121e 3ade121e 
core   0: 0x800002f8 (0x02f040d7) vadd.vx v1, v15, x0
core   0: 3 0x800002f8 (0x02f040d7) c8_vstart 0x00000000 e32 m1 l32 v1  ffffffff 0x3ade121e 3ade121e 3ade121e 3ade121e 3f7f3b3b 3ade121e 3ade121e 3ade121e 3ade121e 3f7f3b3b 3ade121e 3ade121e 3f082330 4015ceb8 3fee4d2e 3ade121e 3ade121e 40144aca 3ade121e 3ec05eed 3e0a5373 3ade121e 3ade121e 3ade121e 3ade121e 3f15cc1f 3ade121e 3ade121e 3ade121e 3ade121e 3ade121e 3ade121e 
core   0: 0x800002fc (0x0000205b) join    v0, v0, pc + 0
core   0: 3 0x800002fc (0x0000205b) current mask:	ffffffff current npc:	800002ec stack size: 0
core   0: 0x80000300 (0x5e0047d7) vmv.v.x v15, x0
core   0: 3 0x80000300 (0x5e0047d7) c8_vstart 0x00000000 e32 m1 l32 v15 ffffffff 0x00000000 00000000 00000000 00000000 00000000 00000000 00000000 00000000 00000000 00000000 00000000 00000000 00000000 00000000 00000000 00000000 00000000 00000000 00000000 00000000 00000000 00000000 00000000 00000000 00000000 00000000 00000000 00000000 00000000 00000000 00000000 00000000 
core   0: 0x80000304 (0x02e23757) vadd.vi v14, v14, 4
core   0: 3 0x80000304 (0x02e23757) c8_vstart 0x00000000 e32 m1 l32 v14 ffffffff 0x90002038 90002038 90002038 90002038 90002038 90002038 90002038 90002038 90002038 90002038 90002038 90002038 90002038 90002038 90002038 90002038 90002038 90002038 90002038 90002038 90002038 90002038 90002038 90002038 90002038 90002038 90002038 90002038 90002038 90002038 90002038 90002038 
core   0: 0x80000308 (0x0016968b) vsub12.vi v13, v13, 1
core   0: 3 0x80000308 (0x0016968b) c8_vstart 0x00000000 e32 m1 l32 v13 ffffffff 0x00000001 00000001 00000001 00000001 00000001 00000001 00000001 00000001 00000001 00000001 00000001 00000001 00000001 00000001 00000001 00000001 00000001 00000001 00000001 00000001 00000001 00000001 00000001 00000001 00000001 00000001 00000001 00000001 00000001 00000001 00000001 00000001 
core   0: 0x8000030c (0x02c0b657) vadd.vi v12, v12, 1
core   0: 3 0x8000030c (0x02c0b657) c8_vstart 0x00000000 e32 m1 l32 v12 ffffffff 0x00000018 00000018 00000018 00000018 00000018 00000018 00000018 00000018 00000018 00000018 00000018 00000018 00000013 00000013 00000013 00000013 00000013 0000000e 0000000e 0000000e 0000000e 0000000e 00000009 00000009 00000009 00000009 00000009 00000004 00000004 00000004 00000004 00000004 
core   0: 0x80000310 (0x02b235d7) vadd.vi v11, v11, 4
core   0: 3 0x80000310 (0x02b235d7) c8_vstart 0x00000000 e32 m1 l32 v11 ffffffff 0x90000370 90000140 90000a00 900007d0 900005a0 90000370 90000140 90000a00 900007d0 900005a0 90000370 90000140 900009ec 900007bc 9000058c 9000035c 9000012c 900009d8 900007a8 90000578 90000348 90000118 900009c4 90000794 90000564 90000334 90000104 900009b0 90000780 90000550 90000320 900000f0 
core   0: 0x80000314 (0x00000317) auipc   x6, 0x0
core   0: 3 0x80000314 (0x00000317) x6  0x80000314
core   0: 0x80000318 (0xf943305b) setrpc  x0, x6, -108
core   0: 3 0x80000318 (0xf943305b) c2060_rpc 0x800002a8 current mask:	ffffffff current npc:	800002ec stack size: 0
core   0: 0x8000031c (0xf8d786db) vbeq    v13, v15, pc - 116
core   0: 3 0x8000031c (0xf8d786db) c8_vstart 0x00000000 e32 m1 l32 current mask:	ffffffff current npc:	80000320 stack size: 0
core   0: 0x80000320 (0xfadff06f) j       pc - 0x54
core   0: 3 0x80000320 (0xfadff06f)
core   0: 0x800002cc (0x5e0047d7) vmv.v.x v15, x0
core   0: 3 0x800002cc (0x5e0047d7) c8_vstart 0x00000000 e32 m1 l32 v15 ffffffff 0x00000000 00000000 00000000 00000000 00000000 00000000 00000000 00000000 00000000 00000000 00000000 00000000 00000000 00000000 00000000 00000000 00000000 00000000 00000000 00000000 00000000 00000000 00000000 00000000 00000000 00000000 00000000 00000000 00000000 00000000 00000000 00000000 
core   0: 0x800002d0 (0x6ea54857) vmslt.vx v16, v10, x10
core   0: 3 0x800002d0 (0x6ea54857) c8_vstart 0x00000000 e32 m1 l32 v16 ffffffff 0x00000001 00000001 00000001 00000001 00000001 00000001 00000001 00000001 00000001 00000001 00000001 00000001 00000001 00000001 00000001 00000001 00000001 00000001 00000001 00000001 00000001 00000001 00000001 00000001 00000001 00000001 00000001 00000001 00000001 00000001 00000001 00000001 
core   0: 0x800002d4 (0x6ec4c8d7) vmslt.vx v17, v12, x9
core   0: 3 0x800002d4 (0x6ec4c8d7) c8_vstart 0x00000000 e32 m1 l32 v17 ffffffff 0x00000001 00000001 00000001 00000001 00000001 00000001 00000001 00000001 00000001 00000001 00000001 00000001 00000001 00000001 00000001 00000001 00000001 00000001 00000001 00000001 00000001 00000001 00000001 00000001 00000001 00000001 00000001 00000001 00000001 00000001 00000001 00000001 
core   0: 0x800002d8 (0x27088857) vand.vv v16, v16, v17
core   0: 3 0x800002d8 (0x27088857) c8_vstart 0x00000000 e32 m1 l32 v16 ffffffff 0x00000001 00000001 00000001 00000001 00000001 00000001 00000001 00000001 00000001 00000001 00000001 00000001 00000001 00000001 00000001 00000001 00000001 00000001 00000001 00000001 00000001 00000001 00000001 00000001 00000001 00000001 00000001 00000001 00000001 00000001 00000001 00000001 
core   0: 0x800002dc (0x00000317) auipc   x6, 0x0
core   0: 3 0x800002dc (0x00000317) x6  0x800002dc
core   0: 0x800002e0 (0x0203305b) setrpc  x0, x6, 32
core   0: 3 0x800002e0 (0x0203305b) c2060_rpc 0x800002fc current mask:	ffffffff current npc:	80000320 stack size: 0
core   0: 0x800002e4 (0x0107945b) vbne    v16, v15, pc + 8
core   0: 3 0x800002e4 (0x0107945b) c8_vstart 0x00000000 e32 m1 l32 current mask:	ffffffff current npc:	800002ec stack size: 0
core   0: 0x800002ec (0x0005a7fb) vlw12.v v15, v11, 0
core   0: 3 0x800002ec (0x0005a7fb) e32 m1 l32 v15 ffffffff 0x00000000 00000000 00000000 00000000 00000000 00000000 00000000 00000000 00000000 00000000 00000000 00000000 00000000 00000000 3f800000 00000000 00000000 3ee6e6e7 00000000 00000000 00000000 00000000 00000000 00000000 00000000 3f179798 00000000 00000000 00000000 00000000 00000000 00000000  c8_vstart 0x00000000 mem 0x900000f0 mem 0x90000320 mem 0x90000550 mem 0x90000780 mem 0x900009b0 mem 0x90000104 mem 0x90000334 mem 0x90000564 mem 0x90000794 mem 0x900009c4 mem 0x90000118 mem 0x90000348 mem 0x90000578 mem 0x900007a8 mem 0x900009d8 mem 0x9000012c mem 0x9000035c mem 0x9000058c mem 0x900007bc mem 0x900009ec mem 0x90000140 mem 0x90000370 mem 0x900005a0 mem 0x900007d0 mem 0x90000a00 mem 0x90000140 mem 0x90000370 mem 0x900005a0 mem 0x900007d0 mem 0x90000a00 mem 0x90000140 mem 0x90000370
core   0: 0x800002f0 (0x0007287b) vlw12.v v16, v14, 0
core   0: 3 0x800002f0 (0x0007287b) e32 m1 l32 v16 ffffffff 0x3f253be4 3f253be4 3f253be4 3f253be4 3f253be4 3f253be4 3f253be4 3f253be4 3f253be4 3f253be4 3f253be4 3f253be4 3f253be4 3f253be4 3f253be4 3f253be4 3f253be4 3f253be4 3f253be4 3f253be4 3f253be4 3f253be4 3f253be4 3f253be4 3f253be4 3f253be4 3f253be4 3f253be4 3f253be4 3f253be4 3f253be4 3f253be4  c8_vstart 0x00000000 mem 0x90002038 mem 0x90002038 mem 0x90002038 mem 0x90002038 mem 0x90002038 mem 0x90002038 mem 0x90002038 mem 0x90002038 mem 0x90002038 mem 0x90002038 mem 0x90002038 mem 0x90002038 mem 0x90002038 mem 0x90002038 mem 0x90002038 mem 0x90002038 mem 0x90002038 mem 0x90002038 mem 0x90002038 mem 0x90002038 mem 0x90002038 mem 0x90002038 mem 0x90002038 mem 0x90002038 mem 0x90002038 mem 0x90002038 mem 0x90002038 mem 0x90002038 mem 0x90002038 mem 0x90002038 mem 0x90002038 mem 0x90002038
core   0: 0x800002f4 (0xa21817d7) vfmadd.vv v15, v1, v16
core   0: 3 0x800002f4 (0xa21817d7) c8_vstart 0x00000000 c1_fflags 0x00000001 e32 m1 l32 v15 ffffffff 0x3ade121e 3ade121e 3ade121e 3ade121e 3f7f3b3b 3ade121e 3ade121e 3ade121e 3ade121e 3f7f3b3b 3ade121e 3ade121e 3f082330 4015ceb8 40207590 3ade121e 3ade121e 4026ebe5 3ade121e 3ec05eed 3e0a5373 3ade121e 3ade121e 3ade121e 3ade121e 3f77a44b 3ade121e 3ade121e 3ade121e 3ade121e 3ade121e 3ade121e 
core   0: 0x800002f8 (0x02f040d7) vadd.vx v1, v15, x0
core   0: 3 0x800002f8 (0x02f040d7) c8_vstart 0x00000000 e32 m1 l32 v1  ffffffff 0x3ade121e 3ade121e 3ade121e 3ade121e 3f7f3b3b 3ade121e 3ade121e 3ade121e 3ade121e 3f7f3b3b 3ade121e 3ade121e 3f082330 4015ceb8 40207590 3ade121e 3ade121e 4026ebe5 3ade121e 3ec05eed 3e0a5373 3ade121e 3ade121e 3ade121e 3ade121e 3f77a44b 3ade121e 3ade121e 3ade121e 3ade121e 3ade121e 3ade121e 
core   0: 0x800002fc (0x0000205b) join    v0, v0, pc + 0
core   0: 3 0x800002fc (0x0000205b) current mask:	ffffffff current npc:	800002ec stack size: 0
core   0: 0x80000300 (0x5e0047d7) vmv.v.x v15, x0
core   0: 3 0x80000300 (0x5e0047d7) c8_vstart 0x00000000 e32 m1 l32 v15 ffffffff 0x00000000 00000000 00000000 00000000 00000000 00000000 00000000 00000000 00000000 00000000 00000000 00000000 00000000 00000000 00000000 00000000 00000000 00000000 00000000 00000000 00000000 00000000 00000000 00000000 00000000 00000000 00000000 00000000 00000000 00000000 00000000 00000000 
core   0: 0x80000304 (0x02e23757) vadd.vi v14, v14, 4
core   0: 3 0x80000304 (0x02e23757) c8_vstart 0x00000000 e32 m1 l32 v14 ffffffff 0x9000203c 9000203c 9000203c 9000203c 9000203c 9000203c 9000203c 9000203c 9000203c 9000203c 9000203c 9000203c 9000203c 9000203c 9000203c 9000203c 9000203c 9000203c 9000203c 9000203c 9000203c 9000203c 9000203c 9000203c 9000203c 9000203c 9000203c 9000203c 9000203c 9000203c 9000203c 9000203c 
core   0: 0x80000308 (0x0016968b) vsub12.vi v13, v13, 1
core   0: 3 0x80000308 (0x0016968b) c8_vstart 0x00000000 e32 m1 l32 v13 ffffffff 0x00000000 00000000 00000000 00000000 00000000 00000000 00000000 00000000 00000000 00000000 00000000 00000000 00000000 00000000 00000000 00000000 00000000 00000000 00000000 00000000 00000000 00000000 00000000 00000000 00000000 00000000 00000000 00000000 00000000 00000000 00000000 00000000 
core   0: 0x8000030c (0x02c0b657) vadd.vi v12, v12, 1
core   0: 3 0x8000030c (0x02c0b657) c8_vstart 0x00000000 e32 m1 l32 v12 ffffffff 0x00000019 00000019 00000019 00000019 00000019 00000019 00000019 00000019 00000019 00000019 00000019 00000019 00000014 00000014 00000014 00000014 00000014 0000000f 0000000f 0000000f 0000000f 0000000f 0000000a 0000000a 0000000a 0000000a 0000000a 00000005 00000005 00000005 00000005 00000005 
core   0: 0x80000310 (0x02b235d7) vadd.vi v11, v11, 4
core   0: 3 0x80000310 (0x02b235d7) c8_vstart 0x00000000 e32 m1 l32 v11 ffffffff 0x90000374 90000144 90000a04 900007d4 900005a4 90000374 90000144 90000a04 900007d4 900005a4 90000374 90000144 900009f0 900007c0 90000590 90000360 90000130 900009dc 900007ac 9000057c 9000034c 9000011c 900009c8 90000798 90000568 90000338 90000108 900009b4 90000784 90000554 90000324 900000f4 
core   0: 0x80000314 (0x00000317) auipc   x6, 0x0
core   0: 3 0x80000314 (0x00000317) x6  0x80000314
core   0: 0x80000318 (0xf943305b) setrpc  x0, x6, -108
core   0: 3 0x80000318 (0xf943305b) c2060_rpc 0x800002a8 current mask:	ffffffff current npc:	800002ec stack size: 0
core   0: 0x8000031c (0xf8d786db) vbeq    v13, v15, pc - 116
core   0: 3 0x8000031c (0xf8d786db) c8_vstart 0x00000000 e32 m1 l32 current mask:	ffffffff current npc:	800002a8 stack size: 0
core   0: 0x800002a8 (0x0000205b) join    v0, v0, pc + 0
core   0: 3 0x800002a8 (0x0000205b) current mask:	ffffffff current npc:	800002a8 stack size: 0
core   0: 0x800002ac (0x0270b3d7) vadd.vi v7, v7, 1
core   0: 3 0x800002ac (0x0270b3d7) c8_vstart 0x00000000 e32 m1 l32 v7  ffffffff 0x00000003 00000003 00000003 00000003 00000003 00000003 00000003 00000003 00000003 00000003 00000003 00000003 00000003 00000003 00000003 00000003 00000003 00000003 00000003 00000003 00000003 00000003 00000003 00000003 00000003 00000003 00000003 00000003 00000003 00000003 00000003 00000003 
core   0: 0x800002b0 (0x029644d7) vadd.vx v9, v9, x12
core   0: 3 0x800002b0 (0x029644d7) c8_vstart 0x00000000 e32 m1 l32 v9  ffffffff 0x9000203c 9000203c 9000203c 9000203c 9000203c 9000203c 9000203c 9000203c 9000203c 9000203c 9000203c 9000203c 9000203c 9000203c 9000203c 9000203c 9000203c 9000203c 9000203c 9000203c 9000203c 9000203c 9000203c 9000203c 9000203c 9000203c 9000203c 9000203c 9000203c 9000203c 9000203c 9000203c 
core   0: 0x800002b4 (0x5e03c557) vmv.v.x v10, x7
core   0: 3 0x800002b4 (0x5e03c557) c8_vstart 0x00000000 e32 m1 l32 v10 ffffffff 0x00000005 00000005 00000005 00000005 00000005 00000005 00000005 00000005 00000005 00000005 00000005 00000005 00000005 00000005 00000005 00000005 00000005 00000005 00000005 00000005 00000005 00000005 00000005 00000005 00000005 00000005 00000005 00000005 00000005 00000005 00000005 00000005 
core   0: 0x800002b8 (0x02874457) vadd.vx v8, v8, x14
core   0: 3 0x800002b8 (0x02874457) c8_vstart 0x00000000 e32 m1 l32 v8  ffffffff 0x900003d0 900001a0 90000a60 90000830 90000600 900003d0 900001a0 90000a60 90000830 90000600 900003d0 900001a0 90000a4c 9000081c 900005ec 900003bc 9000018c 90000a38 90000808 900005d8 900003a8 90000178 90000a24 900007f4 900005c4 90000394 90000164 90000a10 900007e0 900005b0 90000380 90000150 
core   0: 0x800002bc (0x00000317) auipc   x6, 0x0
core   0: 3 0x800002bc (0x00000317) x6  0x800002bc
core   0: 0x800002c0 (0xfc83305b) setrpc  x0, x6, -56
core   0: 3 0x800002c0 (0xfc83305b) c2060_rpc 0x80000284 current mask:	ffffffff current npc:	800002a8 stack size: 0
core   0: 0x800002c4 (0xfc7500db) vbeq    v7, v10, pc - 64
core   0: 3 0x800002c4 (0xfc7500db) c8_vstart 0x00000000 e32 m1 l32 current mask:	ffffffff current npc:	800002c8 stack size: 0
core   0: 0x800002c8 (0xf9dff06f) j       pc - 0x64
core   0: 3 0x800002c8 (0xf9dff06f)
core   0: 0x80000264 (0x00504463) blt     x0, x5, pc + 8
core   0: 3 0x80000264 (0x00504463)
core   0: 0x8000026c (0x02718557) vadd.vv v10, v7, v3
core   0: 3 0x8000026c (0x02718557) c8_vstart 0x00000000 e32 m1 l32 v10 ffffffff 0x00000008 00000003 00000017 00000012 0000000d 00000008 00000003 00000017 00000012 0000000d 00000008 00000003 00000017 00000012 0000000d 00000008 00000003 00000017 00000012 0000000d 00000008 00000003 00000017 00000012 0000000d 00000008 00000003 00000017 00000012 0000000d 00000008 00000003 
core   0: 0x80000270 (0x028045d7) vadd.vx v11, v8, x0
core   0: 3 0x80000270 (0x028045d7) c8_vstart 0x00000000 e32 m1 l32 v11 ffffffff 0x900003d0 900001a0 90000a60 90000830 90000600 900003d0 900001a0 90000a60 90000830 90000600 900003d0 900001a0 90000a4c 9000081c 900005ec 900003bc 9000018c 90000a38 90000808 900005d8 900003a8 90000178 90000a24 900007f4 900005c4 90000394 90000164 90000a10 900007e0 900005b0 90000380 90000150 
core   0: 0x80000274 (0x02404657) vadd.vx v12, v4, x0
core   0: 3 0x80000274 (0x02404657) c8_vstart 0x00000000 e32 m1 l32 v12 ffffffff 0x00000014 00000014 00000014 00000014 00000014 00000014 00000014 00000014 00000014 00000014 00000014 00000014 0000000f 0000000f 0000000f 0000000f 0000000f 0000000a 0000000a 0000000a 0000000a 0000000a 00000005 00000005 00000005 00000005 00000005 00000000 00000000 00000000 00000000 00000000 
core   0: 0x80000278 (0x5e02c6d7) vmv.v.x v13, x5
core   0: 3 0x80000278 (0x5e02c6d7) c8_vstart 0x00000000 e32 m1 l32 v13 ffffffff 0x00000005 00000005 00000005 00000005 00000005 00000005 00000005 00000005 00000005 00000005 00000005 00000005 00000005 00000005 00000005 00000005 00000005 00000005 00000005 00000005 00000005 00000005 00000005 00000005 00000005 00000005 00000005 00000005 00000005 00000005 00000005 00000005 
core   0: 0x8000027c (0x02904757) vadd.vx v14, v9, x0
core   0: 3 0x8000027c (0x02904757) c8_vstart 0x00000000 e32 m1 l32 v14 ffffffff 0x9000203c 9000203c 9000203c 9000203c 9000203c 9000203c 9000203c 9000203c 9000203c 9000203c 9000203c 9000203c 9000203c 9000203c 9000203c 9000203c 9000203c 9000203c 9000203c 9000203c 9000203c 9000203c 9000203c 9000203c 9000203c 9000203c 9000203c 9000203c 9000203c 9000203c 9000203c 9000203c 
core   0: 0x80000280 (0x04c0006f) j       pc + 0x4c
core   0: 3 0x80000280 (0x04c0006f)
core   0: 0x800002cc (0x5e0047d7) vmv.v.x v15, x0
core   0: 3 0x800002cc (0x5e0047d7) c8_vstart 0x00000000 e32 m1 l32 v15 ffffffff 0x00000000 00000000 00000000 00000000 00000000 00000000 00000000 00000000 00000000 00000000 00000000 00000000 00000000 00000000 00000000 00000000 00000000 00000000 00000000 00000000 00000000 00000000 00000000 00000000 00000000 00000000 00000000 00000000 00000000 00000000 00000000 00000000 
core   0: 0x800002d0 (0x6ea54857) vmslt.vx v16, v10, x10
core   0: 3 0x800002d0 (0x6ea54857) c8_vstart 0x00000000 e32 m1 l32 v16 ffffffff 0x00000001 00000001 00000001 00000001 00000001 00000001 00000001 00000001 00000001 00000001 00000001 00000001 00000001 00000001 00000001 00000001 00000001 00000001 00000001 00000001 00000001 00000001 00000001 00000001 00000001 00000001 00000001 00000001 00000001 00000001 00000001 00000001 
core   0: 0x800002d4 (0x6ec4c8d7) vmslt.vx v17, v12, x9
core   0: 3 0x800002d4 (0x6ec4c8d7) c8_vstart 0x00000000 e32 m1 l32 v17 ffffffff 0x00000001 00000001 00000001 00000001 00000001 00000001 00000001 00000001 00000001 00000001 00000001 00000001 00000001 00000001 00000001 00000001 00000001 00000001 00000001 00000001 00000001 00000001 00000001 00000001 00000001 00000001 00000001 00000001 00000001 00000001 00000001 00000001 
core   0: 0x800002d8 (0x27088857) vand.vv v16, v16, v17
core   0: 3 0x800002d8 (0x27088857) c8_vstart 0x00000000 e32 m1 l32 v16 ffffffff 0x00000001 00000001 00000001 00000001 00000001 00000001 00000001 00000001 00000001 00000001 00000001 00000001 00000001 00000001 00000001 00000001 00000001 00000001 00000001 00000001 00000001 00000001 00000001 00000001 00000001 00000001 00000001 00000001 00000001 00000001 00000001 00000001 
core   0: 0x800002dc (0x00000317) auipc   x6, 0x0
core   0: 3 0x800002dc (0x00000317) x6  0x800002dc
core   0: 0x800002e0 (0x0203305b) setrpc  x0, x6, 32
core   0: 3 0x800002e0 (0x0203305b) c2060_rpc 0x800002fc current mask:	ffffffff current npc:	800002c8 stack size: 0
core   0: 0x800002e4 (0x0107945b) vbne    v16, v15, pc + 8
core   0: 3 0x800002e4 (0x0107945b) c8_vstart 0x00000000 e32 m1 l32 current mask:	ffffffff current npc:	800002ec stack size: 0
core   0: 0x800002ec (0x0005a7fb) vlw12.v v15, v11, 0
core   0: 3 0x800002ec (0x0005a7fb) e32 m1 l32 v15 ffffffff 0x3f2aaaab 00000000 00000000 00000000 3e30b0b1 3f2aaaab 00000000 00000000 00000000 3e30b0b1 3f2aaaab 00000000 00000000 3f7bfbfc 00000000 3f46c6c7 00000000 00000000 00000000 00000000 3f7efeff 00000000 00000000 00000000 00000000 00000000 00000000 00000000 00000000 00000000 00000000 00000000  c8_vstart 0x00000000 mem 0x90000150 mem 0x90000380 mem 0x900005b0 mem 0x900007e0 mem 0x90000a10 mem 0x90000164 mem 0x90000394 mem 0x900005c4 mem 0x900007f4 mem 0x90000a24 mem 0x90000178 mem 0x900003a8 mem 0x900005d8 mem 0x90000808 mem 0x90000a38 mem 0x9000018c mem 0x900003bc mem 0x900005ec mem 0x9000081c mem 0x90000a4c mem 0x900001a0 mem 0x900003d0 mem 0x90000600 mem 0x90000830 mem 0x90000a60 mem 0x900001a0 mem 0x900003d0 mem 0x90000600 mem 0x90000830 mem 0x90000a60 mem 0x900001a0 mem 0x900003d0
core   0: 0x800002f0 (0x0007287b) vlw12.v v16, v14, 0
core   0: 3 0x800002f0 (0x0007287b) e32 m1 l32 v16 ffffffff 0x3e8a1223 3e8a1223 3e8a1223 3e8a1223 3e8a1223 3e8a1223 3e8a1223 3e8a1223 3e8a1223 3e8a1223 3e8a1223 3e8a1223 3e8a1223 3e8a1223 3e8a1223 3e8a1223 3e8a1223 3e8a1223 3e8a1223 3e8a1223 3e8a1223 3e8a1223 3e8a1223 3e8a1223 3e8a1223 3e8a1223 3e8a1223 3e8a1223 3e8a1223 3e8a1223 3e8a1223 3e8a1223  c8_vstart 0x00000000 mem 0x9000203c mem 0x9000203c mem 0x9000203c mem 0x9000203c mem 0x9000203c mem 0x9000203c mem 0x9000203c mem 0x9000203c mem 0x9000203c mem 0x9000203c mem 0x9000203c mem 0x9000203c mem 0x9000203c mem 0x9000203c mem 0x9000203c mem 0x9000203c mem 0x9000203c mem 0x9000203c mem 0x9000203c mem 0x9000203c mem 0x9000203c mem 0x9000203c mem 0x9000203c mem 0x9000203c mem 0x9000203c mem 0x9000203c mem 0x9000203c mem 0x9000203c mem 0x9000203c mem 0x9000203c mem 0x9000203c mem 0x9000203c
core   0: 0x800002f4 (0xa21817d7) vfmadd.vv v15, v1, v16
core   0: 3 0x800002f4 (0xa21817d7) c8_vstart 0x00000000 c1_fflags 0x00000001 e32 m1 l32 v15 ffffffff 0x3e39d453 3ade121e 3ade121e 3ade121e 3f85925a 3e39d453 3ade121e 3ade121e 3ade121e 3f85925a 3e39d453 3ade121e 3f082330 4026cbae 40207590 3e58269d 3ade121e 4026ebe5 3ade121e 3ec05eed 3eceb140 3ade121e 3ade121e 3ade121e 3ade121e 3f77a44b 3ade121e 3ade121e 3ade121e 3ade121e 3ade121e 3ade121e 
core   0: 0x800002f8 (0x02f040d7) vadd.vx v1, v15, x0
core   0: 3 0x800002f8 (0x02f040d7) c8_vstart 0x00000000 e32 m1 l32 v1  ffffffff 0x3e39d453 3ade121e 3ade121e 3ade121e 3f85925a 3e39d453 3ade121e 3ade121e 3ade121e 3f85925a 3e39d453 3ade121e 3f082330 4026cbae 40207590 3e58269d 3ade121e 4026ebe5 3ade121e 3ec05eed 3eceb140 3ade121e 3ade121e 3ade121e 3ade121e 3f77a44b 3ade121e 3ade121e 3ade121e 3ade121e 3ade121e 3ade121e 
core   0: 0x800002fc (0x0000205b) join    v0, v0, pc + 0
core   0: 3 0x800002fc (0x0000205b) current mask:	ffffffff current npc:	800002ec stack size: 0
core   0: 0x80000300 (0x5e0047d7) vmv.v.x v15, x0
core   0: 3 0x80000300 (0x5e0047d7) c8_vstart 0x00000000 e32 m1 l32 v15 ffffffff 0x00000000 00000000 00000000 00000000 00000000 00000000 00000000 00000000 00000000 00000000 00000000 00000000 00000000 00000000 00000000 00000000 00000000 00000000 00000000 00000000 00000000 00000000 00000000 00000000 00000000 00000000 00000000 00000000 00000000 00000000 00000000 00000000 
core   0: 0x80000304 (0x02e23757) vadd.vi v14, v14, 4
core   0: 3 0x80000304 (0x02e23757) c8_vstart 0x00000000 e32 m1 l32 v14 ffffffff 0x90002040 90002040 90002040 90002040 90002040 90002040 90002040 90002040 90002040 90002040 90002040 90002040 90002040 90002040 90002040 90002040 90002040 90002040 90002040 90002040 90002040 90002040 90002040 90002040 90002040 90002040 90002040 90002040 90002040 90002040 90002040 90002040 
core   0: 0x80000308 (0x0016968b) vsub12.vi v13, v13, 1
core   0: 3 0x80000308 (0x0016968b) c8_vstart 0x00000000 e32 m1 l32 v13 ffffffff 0x00000004 00000004 00000004 00000004 00000004 00000004 00000004 00000004 00000004 00000004 00000004 00000004 00000004 00000004 00000004 00000004 00000004 00000004 00000004 00000004 00000004 00000004 00000004 00000004 00000004 00000004 00000004 00000004 00000004 00000004 00000004 00000004 
core   0: 0x8000030c (0x02c0b657) vadd.vi v12, v12, 1
core   0: 3 0x8000030c (0x02c0b657) c8_vstart 0x00000000 e32 m1 l32 v12 ffffffff 0x00000015 00000015 00000015 00000015 00000015 00000015 00000015 00000015 00000015 00000015 00000015 00000015 00000010 00000010 00000010 00000010 00000010 0000000b 0000000b 0000000b 0000000b 0000000b 00000006 00000006 00000006 00000006 00000006 00000001 00000001 00000001 00000001 00000001 
core   0: 0x80000310 (0x02b235d7) vadd.vi v11, v11, 4
core   0: 3 0x80000310 (0x02b235d7) c8_vstart 0x00000000 e32 m1 l32 v11 ffffffff 0x900003d4 900001a4 90000a64 90000834 90000604 900003d4 900001a4 90000a64 90000834 90000604 900003d4 900001a4 90000a50 90000820 900005f0 900003c0 90000190 90000a3c 9000080c 900005dc 900003ac 9000017c 90000a28 900007f8 900005c8 90000398 90000168 90000a14 900007e4 900005b4 90000384 90000154 
core   0: 0x80000314 (0x00000317) auipc   x6, 0x0
core   0: 3 0x80000314 (0x00000317) x6  0x80000314
core   0: 0x80000318 (0xf943305b) setrpc  x0, x6, -108
core   0: 3 0x80000318 (0xf943305b) c2060_rpc 0x800002a8 current mask:	ffffffff current npc:	800002ec stack size: 0
core   0: 0x8000031c (0xf8d786db) vbeq    v13, v15, pc - 116
core   0: 3 0x8000031c (0xf8d786db) c8_vstart 0x00000000 e32 m1 l32 current mask:	ffffffff current npc:	80000320 stack size: 0
core   0: 0x80000320 (0xfadff06f) j       pc - 0x54
core   0: 3 0x80000320 (0xfadff06f)
core   0: 0x800002cc (0x5e0047d7) vmv.v.x v15, x0
core   0: 3 0x800002cc (0x5e0047d7) c8_vstart 0x00000000 e32 m1 l32 v15 ffffffff 0x00000000 00000000 00000000 00000000 00000000 00000000 00000000 00000000 00000000 00000000 00000000 00000000 00000000 00000000 00000000 00000000 00000000 00000000 00000000 00000000 00000000 00000000 00000000 00000000 00000000 00000000 00000000 00000000 00000000 00000000 00000000 00000000 
core   0: 0x800002d0 (0x6ea54857) vmslt.vx v16, v10, x10
core   0: 3 0x800002d0 (0x6ea54857) c8_vstart 0x00000000 e32 m1 l32 v16 ffffffff 0x00000001 00000001 00000001 00000001 00000001 00000001 00000001 00000001 00000001 00000001 00000001 00000001 00000001 00000001 00000001 00000001 00000001 00000001 00000001 00000001 00000001 00000001 00000001 00000001 00000001 00000001 00000001 00000001 00000001 00000001 00000001 00000001 
core   0: 0x800002d4 (0x6ec4c8d7) vmslt.vx v17, v12, x9
core   0: 3 0x800002d4 (0x6ec4c8d7) c8_vstart 0x00000000 e32 m1 l32 v17 ffffffff 0x00000001 00000001 00000001 00000001 00000001 00000001 00000001 00000001 00000001 00000001 00000001 00000001 00000001 00000001 00000001 00000001 00000001 00000001 00000001 00000001 00000001 00000001 00000001 00000001 00000001 00000001 00000001 00000001 00000001 00000001 00000001 00000001 
core   0: 0x800002d8 (0x27088857) vand.vv v16, v16, v17
core   0: 3 0x800002d8 (0x27088857) c8_vstart 0x00000000 e32 m1 l32 v16 ffffffff 0x00000001 00000001 00000001 00000001 00000001 00000001 00000001 00000001 00000001 00000001 00000001 00000001 00000001 00000001 00000001 00000001 00000001 00000001 00000001 00000001 00000001 00000001 00000001 00000001 00000001 00000001 00000001 00000001 00000001 00000001 00000001 00000001 
core   0: 0x800002dc (0x00000317) auipc   x6, 0x0
core   0: 3 0x800002dc (0x00000317) x6  0x800002dc
core   0: 0x800002e0 (0x0203305b) setrpc  x0, x6, 32
core   0: 3 0x800002e0 (0x0203305b) c2060_rpc 0x800002fc current mask:	ffffffff current npc:	80000320 stack size: 0
core   0: 0x800002e4 (0x0107945b) vbne    v16, v15, pc + 8
core   0: 3 0x800002e4 (0x0107945b) c8_vstart 0x00000000 e32 m1 l32 current mask:	ffffffff current npc:	800002ec stack size: 0
core   0: 0x800002ec (0x0005a7fb) vlw12.v v15, v11, 0
core   0: 3 0x800002ec (0x0005a7fb) e32 m1 l32 v15 ffffffff 0x3e50d0d1 00000000 00000000 00000000 00000000 3e50d0d1 00000000 00000000 00000000 00000000 3e50d0d1 00000000 00000000 3f70f0f1 00000000 3f46c6c7 00000000 3f058586 00000000 00000000 3f71f1f2 00000000 00000000 00000000 00000000 3f5ededf 00000000 00000000 00000000 00000000 00000000 00000000  c8_vstart 0x00000000 mem 0x90000154 mem 0x90000384 mem 0x900005b4 mem 0x900007e4 mem 0x90000a14 mem 0x90000168 mem 0x90000398 mem 0x900005c8 mem 0x900007f8 mem 0x90000a28 mem 0x9000017c mem 0x900003ac mem 0x900005dc mem 0x9000080c mem 0x90000a3c mem 0x90000190 mem 0x900003c0 mem 0x900005f0 mem 0x90000820 mem 0x90000a50 mem 0x900001a4 mem 0x900003d4 mem 0x90000604 mem 0x90000834 mem 0x90000a64 mem 0x900001a4 mem 0x900003d4 mem 0x90000604 mem 0x90000834 mem 0x90000a64 mem 0x900001a4 mem 0x900003d4
core   0: 0x800002f0 (0x0007287b) vlw12.v v16, v14, 0
core   0: 3 0x800002f0 (0x0007287b) e32 m1 l32 v16 ffffffff 0x3e8bce4e 3e8bce4e 3e8bce4e 3e8bce4e 3e8bce4e 3e8bce4e 3e8bce4e 3e8bce4e 3e8bce4e 3e8bce4e 3e8bce4e 3e8bce4e 3e8bce4e 3e8bce4e 3e8bce4e 3e8bce4e 3e8bce4e 3e8bce4e 3e8bce4e 3e8bce4e 3e8bce4e 3e8bce4e 3e8bce4e 3e8bce4e 3e8bce4e 3e8bce4e 3e8bce4e 3e8bce4e 3e8bce4e 3e8bce4e 3e8bce4e 3e8bce4e  c8_vstart 0x00000000 mem 0x90002040 mem 0x90002040 mem 0x90002040 mem 0x90002040 mem 0x90002040 mem 0x90002040 mem 0x90002040 mem 0x90002040 mem 0x90002040 mem 0x90002040 mem 0x90002040 mem 0x90002040 mem 0x90002040 mem 0x90002040 mem 0x90002040 mem 0x90002040 mem 0x90002040 mem 0x90002040 mem 0x90002040 mem 0x90002040 mem 0x90002040 mem 0x90002040 mem 0x90002040 mem 0x90002040 mem 0x90002040 mem 0x90002040 mem 0x90002040 mem 0x90002040 mem 0x90002040 mem 0x90002040 mem 0x90002040 mem 0x90002040
core   0: 0x800002f4 (0xa21817d7) vfmadd.vv v15, v1, v16
core   0: 3 0x800002f4 (0xa21817d7) c8_vstart 0x00000000 c1_fflags 0x00000001 e32 m1 l32 v15 ffffffff 0x3e72d928 3ade121e 3ade121e 3ade121e 3f85925a 3e72d928 3ade121e 3ade121e 3ade121e 3f85925a 3e72d928 3ade121e 3f082330 40373e4e 40207590 3ed8a16d 3ade121e 40300948 3ade121e 3ec05eed 3f29694c 3ade121e 3ade121e 3ade121e 3ade121e 3f9a3fcd 3ade121e 3ade121e 3ade121e 3ade121e 3ade121e 3ade121e 
core   0: 0x800002f8 (0x02f040d7) vadd.vx v1, v15, x0
core   0: 3 0x800002f8 (0x02f040d7) c8_vstart 0x00000000 e32 m1 l32 v1  ffffffff 0x3e72d928 3ade121e 3ade121e 3ade121e 3f85925a 3e72d928 3ade121e 3ade121e 3ade121e 3f85925a 3e72d928 3ade121e 3f082330 40373e4e 40207590 3ed8a16d 3ade121e 40300948 3ade121e 3ec05eed 3f29694c 3ade121e 3ade121e 3ade121e 3ade121e 3f9a3fcd 3ade121e 3ade121e 3ade121e 3ade121e 3ade121e 3ade121e 
core   0: 0x800002fc (0x0000205b) join    v0, v0, pc + 0
core   0: 3 0x800002fc (0x0000205b) current mask:	ffffffff current npc:	800002ec stack size: 0
core   0: 0x80000300 (0x5e0047d7) vmv.v.x v15, x0
core   0: 3 0x80000300 (0x5e0047d7) c8_vstart 0x00000000 e32 m1 l32 v15 ffffffff 0x00000000 00000000 00000000 00000000 00000000 00000000 00000000 00000000 00000000 00000000 00000000 00000000 00000000 00000000 00000000 00000000 00000000 00000000 00000000 00000000 00000000 00000000 00000000 00000000 00000000 00000000 00000000 00000000 00000000 00000000 00000000 00000000 
core   0: 0x80000304 (0x02e23757) vadd.vi v14, v14, 4
core   0: 3 0x80000304 (0x02e23757) c8_vstart 0x00000000 e32 m1 l32 v14 ffffffff 0x90002044 90002044 90002044 90002044 90002044 90002044 90002044 90002044 90002044 90002044 90002044 90002044 90002044 90002044 90002044 90002044 90002044 90002044 90002044 90002044 90002044 90002044 90002044 90002044 90002044 90002044 90002044 90002044 90002044 90002044 90002044 90002044 
core   0: 0x80000308 (0x0016968b) vsub12.vi v13, v13, 1
core   0: 3 0x80000308 (0x0016968b) c8_vstart 0x00000000 e32 m1 l32 v13 ffffffff 0x00000003 00000003 00000003 00000003 00000003 00000003 00000003 00000003 00000003 00000003 00000003 00000003 00000003 00000003 00000003 00000003 00000003 00000003 00000003 00000003 00000003 00000003 00000003 00000003 00000003 00000003 00000003 00000003 00000003 00000003 00000003 00000003 
core   0: 0x8000030c (0x02c0b657) vadd.vi v12, v12, 1
core   0: 3 0x8000030c (0x02c0b657) c8_vstart 0x00000000 e32 m1 l32 v12 ffffffff 0x00000016 00000016 00000016 00000016 00000016 00000016 00000016 00000016 00000016 00000016 00000016 00000016 00000011 00000011 00000011 00000011 00000011 0000000c 0000000c 0000000c 0000000c 0000000c 00000007 00000007 00000007 00000007 00000007 00000002 00000002 00000002 00000002 00000002 
core   0: 0x80000310 (0x02b235d7) vadd.vi v11, v11, 4
core   0: 3 0x80000310 (0x02b235d7) c8_vstart 0x00000000 e32 m1 l32 v11 ffffffff 0x900003d8 900001a8 90000a68 90000838 90000608 900003d8 900001a8 90000a68 90000838 90000608 900003d8 900001a8 90000a54 90000824 900005f4 900003c4 90000194 90000a40 90000810 900005e0 900003b0 90000180 90000a2c 900007fc 900005cc 9000039c 9000016c 90000a18 900007e8 900005b8 90000388 90000158 
core   0: 0x80000314 (0x00000317) auipc   x6, 0x0
core   0: 3 0x80000314 (0x00000317) x6  0x80000314
core   0: 0x80000318 (0xf943305b) setrpc  x0, x6, -108
core   0: 3 0x80000318 (0xf943305b) c2060_rpc 0x800002a8 current mask:	ffffffff current npc:	800002ec stack size: 0
core   0: 0x8000031c (0xf8d786db) vbeq    v13, v15, pc - 116
core   0: 3 0x8000031c (0xf8d786db) c8_vstart 0x00000000 e32 m1 l32 current mask:	ffffffff current npc:	80000320 stack size: 0
core   0: 0x80000320 (0xfadff06f) j       pc - 0x54
core   0: 3 0x80000320 (0xfadff06f)
core   0: 0x800002cc (0x5e0047d7) vmv.v.x v15, x0
core   0: 3 0x800002cc (0x5e0047d7) c8_vstart 0x00000000 e32 m1 l32 v15 ffffffff 0x00000000 00000000 00000000 00000000 00000000 00000000 00000000 00000000 00000000 00000000 00000000 00000000 00000000 00000000 00000000 00000000 00000000 00000000 00000000 00000000 00000000 00000000 00000000 00000000 00000000 00000000 00000000 00000000 00000000 00000000 00000000 00000000 
core   0: 0x800002d0 (0x6ea54857) vmslt.vx v16, v10, x10
core   0: 3 0x800002d0 (0x6ea54857) c8_vstart 0x00000000 e32 m1 l32 v16 ffffffff 0x00000001 00000001 00000001 00000001 00000001 00000001 00000001 00000001 00000001 00000001 00000001 00000001 00000001 00000001 00000001 00000001 00000001 00000001 00000001 00000001 00000001 00000001 00000001 00000001 00000001 00000001 00000001 00000001 00000001 00000001 00000001 00000001 
core   0: 0x800002d4 (0x6ec4c8d7) vmslt.vx v17, v12, x9
core   0: 3 0x800002d4 (0x6ec4c8d7) c8_vstart 0x00000000 e32 m1 l32 v17 ffffffff 0x00000001 00000001 00000001 00000001 00000001 00000001 00000001 00000001 00000001 00000001 00000001 00000001 00000001 00000001 00000001 00000001 00000001 00000001 00000001 00000001 00000001 00000001 00000001 00000001 00000001 00000001 00000001 00000001 00000001 00000001 00000001 00000001 
core   0: 0x800002d8 (0x27088857) vand.vv v16, v16, v17
core   0: 3 0x800002d8 (0x27088857) c8_vstart 0x00000000 e32 m1 l32 v16 ffffffff 0x00000001 00000001 00000001 00000001 00000001 00000001 00000001 00000001 00000001 00000001 00000001 00000001 00000001 00000001 00000001 00000001 00000001 00000001 00000001 00000001 00000001 00000001 00000001 00000001 00000001 00000001 00000001 00000001 00000001 00000001 00000001 00000001 
core   0: 0x800002dc (0x00000317) auipc   x6, 0x0
core   0: 3 0x800002dc (0x00000317) x6  0x800002dc
core   0: 0x800002e0 (0x0203305b) setrpc  x0, x6, 32
core   0: 3 0x800002e0 (0x0203305b) c2060_rpc 0x800002fc current mask:	ffffffff current npc:	80000320 stack size: 0
core   0: 0x800002e4 (0x0107945b) vbne    v16, v15, pc + 8
core   0: 3 0x800002e4 (0x0107945b) c8_vstart 0x00000000 e32 m1 l32 current mask:	ffffffff current npc:	800002ec stack size: 0
core   0: 0x800002ec (0x0005a7fb) vlw12.v v15, v11, 0
core   0: 3 0x800002ec (0x0005a7fb) e32 m1 l32 v15 ffffffff 0x00000000 00000000 00000000 00000000 00000000 00000000 00000000 00000000 00000000 00000000 00000000 00000000 00000000 3e64e4e5 3f018182 3f46c6c7 00000000 3f7efeff 00000000 00000000 3f46c6c7 00000000 00000000 00000000 00000000 3f7efeff 00000000 00000000 00000000 00000000 00000000 00000000  c8_vstart 0x00000000 mem 0x90000158 mem 0x90000388 mem 0x900005b8 mem 0x900007e8 mem 0x90000a18 mem 0x9000016c mem 0x9000039c mem 0x900005cc mem 0x900007fc mem 0x90000a2c mem 0x90000180 mem 0x900003b0 mem 0x900005e0 mem 0x90000810 mem 0x90000a40 mem 0x90000194 mem 0x900003c4 mem 0x900005f4 mem 0x90000824 mem 0x90000a54 mem 0x900001a8 mem 0x900003d8 mem 0x90000608 mem 0x90000838 mem 0x90000a68 mem 0x900001a8 mem 0x900003d8 mem 0x90000608 mem 0x90000838 mem 0x90000a68 mem 0x900001a8 mem 0x900003d8
core   0: 0x800002f0 (0x0007287b) vlw12.v v16, v14, 0
core   0: 3 0x800002f0 (0x0007287b) e32 m1 l32 v16 ffffffff 0x3ea6f5ed 3ea6f5ed 3ea6f5ed 3ea6f5ed 3ea6f5ed 3ea6f5ed 3ea6f5ed 3ea6f5ed 3ea6f5ed 3ea6f5ed 3ea6f5ed 3ea6f5ed 3ea6f5ed 3ea6f5ed 3ea6f5ed 3ea6f5ed 3ea6f5ed 3ea6f5ed 3ea6f5ed 3ea6f5ed 3ea6f5ed 3ea6f5ed 3ea6f5ed 3ea6f5ed 3ea6f5ed 3ea6f5ed 3ea6f5ed 3ea6f5ed 3ea6f5ed 3ea6f5ed 3ea6f5ed 3ea6f5ed  c8_vstart 0x00000000 mem 0x90002044 mem 0x90002044 mem 0x90002044 mem 0x90002044 mem 0x90002044 mem 0x90002044 mem 0x90002044 mem 0x90002044 mem 0x90002044 mem 0x90002044 mem 0x90002044 mem 0x90002044 mem 0x90002044 mem 0x90002044 mem 0x90002044 mem 0x90002044 mem 0x90002044 mem 0x90002044 mem 0x90002044 mem 0x90002044 mem 0x90002044 mem 0x90002044 mem 0x90002044 mem 0x90002044 mem 0x90002044 mem 0x90002044 mem 0x90002044 mem 0x90002044 mem 0x90002044 mem 0x90002044 mem 0x90002044 mem 0x90002044
core   0: 0x800002f4 (0xa21817d7) vfmadd.vv v15, v1, v16
core   0: 3 0x800002f4 (0xa21817d7) c8_vstart 0x00000000 c1_fflags 0x00000001 e32 m1 l32 v15 ffffffff 0x3e72d928 3ade121e 3ade121e 3ade121e 3f85925a 3e72d928 3ade121e 3ade121e 3ade121e 3f85925a 3e72d928 3ade121e 3f082330 403be890 402b045c 3f2d22a3 3ade121e 4044d312 3ade121e 3ec05eed 3f6a3b39 3ade121e 3ade121e 3ade121e 3ade121e 3fc3d361 3ade121e 3ade121e 3ade121e 3ade121e 3ade121e 3ade121e 
core   0: 0x800002f8 (0x02f040d7) vadd.vx v1, v15, x0
core   0: 3 0x800002f8 (0x02f040d7) c8_vstart 0x00000000 e32 m1 l32 v1  ffffffff 0x3e72d928 3ade121e 3ade121e 3ade121e 3f85925a 3e72d928 3ade121e 3ade121e 3ade121e 3f85925a 3e72d928 3ade121e 3f082330 403be890 402b045c 3f2d22a3 3ade121e 4044d312 3ade121e 3ec05eed 3f6a3b39 3ade121e 3ade121e 3ade121e 3ade121e 3fc3d361 3ade121e 3ade121e 3ade121e 3ade121e 3ade121e 3ade121e 
core   0: 0x800002fc (0x0000205b) join    v0, v0, pc + 0
core   0: 3 0x800002fc (0x0000205b) current mask:	ffffffff current npc:	800002ec stack size: 0
core   0: 0x80000300 (0x5e0047d7) vmv.v.x v15, x0
core   0: 3 0x80000300 (0x5e0047d7) c8_vstart 0x00000000 e32 m1 l32 v15 ffffffff 0x00000000 00000000 00000000 00000000 00000000 00000000 00000000 00000000 00000000 00000000 00000000 00000000 00000000 00000000 00000000 00000000 00000000 00000000 00000000 00000000 00000000 00000000 00000000 00000000 00000000 00000000 00000000 00000000 00000000 00000000 00000000 00000000 
core   0: 0x80000304 (0x02e23757) vadd.vi v14, v14, 4
core   0: 3 0x80000304 (0x02e23757) c8_vstart 0x00000000 e32 m1 l32 v14 ffffffff 0x90002048 90002048 90002048 90002048 90002048 90002048 90002048 90002048 90002048 90002048 90002048 90002048 90002048 90002048 90002048 90002048 90002048 90002048 90002048 90002048 90002048 90002048 90002048 90002048 90002048 90002048 90002048 90002048 90002048 90002048 90002048 90002048 
core   0: 0x80000308 (0x0016968b) vsub12.vi v13, v13, 1
core   0: 3 0x80000308 (0x0016968b) c8_vstart 0x00000000 e32 m1 l32 v13 ffffffff 0x00000002 00000002 00000002 00000002 00000002 00000002 00000002 00000002 00000002 00000002 00000002 00000002 00000002 00000002 00000002 00000002 00000002 00000002 00000002 00000002 00000002 00000002 00000002 00000002 00000002 00000002 00000002 00000002 00000002 00000002 00000002 00000002 
core   0: 0x8000030c (0x02c0b657) vadd.vi v12, v12, 1
core   0: 3 0x8000030c (0x02c0b657) c8_vstart 0x00000000 e32 m1 l32 v12 ffffffff 0x00000017 00000017 00000017 00000017 00000017 00000017 00000017 00000017 00000017 00000017 00000017 00000017 00000012 00000012 00000012 00000012 00000012 0000000d 0000000d 0000000d 0000000d 0000000d 00000008 00000008 00000008 00000008 00000008 00000003 00000003 00000003 00000003 00000003 
core   0: 0x80000310 (0x02b235d7) vadd.vi v11, v11, 4
core   0: 3 0x80000310 (0x02b235d7) c8_vstart 0x00000000 e32 m1 l32 v11 ffffffff 0x900003dc 900001ac 90000a6c 9000083c 9000060c 900003dc 900001ac 90000a6c 9000083c 9000060c 900003dc 900001ac 90000a58 90000828 900005f8 900003c8 90000198 90000a44 90000814 900005e4 900003b4 90000184 90000a30 90000800 900005d0 900003a0 90000170 90000a1c 900007ec 900005bc 9000038c 9000015c 
core   0: 0x80000314 (0x00000317) auipc   x6, 0x0
core   0: 3 0x80000314 (0x00000317) x6  0x80000314
core   0: 0x80000318 (0xf943305b) setrpc  x0, x6, -108
core   0: 3 0x80000318 (0xf943305b) c2060_rpc 0x800002a8 current mask:	ffffffff current npc:	800002ec stack size: 0
core   0: 0x8000031c (0xf8d786db) vbeq    v13, v15, pc - 116
core   0: 3 0x8000031c (0xf8d786db) c8_vstart 0x00000000 e32 m1 l32 current mask:	ffffffff current npc:	80000320 stack size: 0
core   0: 0x80000320 (0xfadff06f) j       pc - 0x54
core   0: 3 0x80000320 (0xfadff06f)
core   0: 0x800002cc (0x5e0047d7) vmv.v.x v15, x0
core   0: 3 0x800002cc (0x5e0047d7) c8_vstart 0x00000000 e32 m1 l32 v15 ffffffff 0x00000000 00000000 00000000 00000000 00000000 00000000 00000000 00000000 00000000 00000000 00000000 00000000 00000000 00000000 00000000 00000000 00000000 00000000 00000000 00000000 00000000 00000000 00000000 00000000 00000000 00000000 00000000 00000000 00000000 00000000 00000000 00000000 
core   0: 0x800002d0 (0x6ea54857) vmslt.vx v16, v10, x10
core   0: 3 0x800002d0 (0x6ea54857) c8_vstart 0x00000000 e32 m1 l32 v16 ffffffff 0x00000001 00000001 00000001 00000001 00000001 00000001 00000001 00000001 00000001 00000001 00000001 00000001 00000001 00000001 00000001 00000001 00000001 00000001 00000001 00000001 00000001 00000001 00000001 00000001 00000001 00000001 00000001 00000001 00000001 00000001 00000001 00000001 
core   0: 0x800002d4 (0x6ec4c8d7) vmslt.vx v17, v12, x9
core   0: 3 0x800002d4 (0x6ec4c8d7) c8_vstart 0x00000000 e32 m1 l32 v17 ffffffff 0x00000001 00000001 00000001 00000001 00000001 00000001 00000001 00000001 00000001 00000001 00000001 00000001 00000001 00000001 00000001 00000001 00000001 00000001 00000001 00000001 00000001 00000001 00000001 00000001 00000001 00000001 00000001 00000001 00000001 00000001 00000001 00000001 
core   0: 0x800002d8 (0x27088857) vand.vv v16, v16, v17
core   0: 3 0x800002d8 (0x27088857) c8_vstart 0x00000000 e32 m1 l32 v16 ffffffff 0x00000001 00000001 00000001 00000001 00000001 00000001 00000001 00000001 00000001 00000001 00000001 00000001 00000001 00000001 00000001 00000001 00000001 00000001 00000001 00000001 00000001 00000001 00000001 00000001 00000001 00000001 00000001 00000001 00000001 00000001 00000001 00000001 
core   0: 0x800002dc (0x00000317) auipc   x6, 0x0
core   0: 3 0x800002dc (0x00000317) x6  0x800002dc
core   0: 0x800002e0 (0x0203305b) setrpc  x0, x6, 32
core   0: 3 0x800002e0 (0x0203305b) c2060_rpc 0x800002fc current mask:	ffffffff current npc:	80000320 stack size: 0
core   0: 0x800002e4 (0x0107945b) vbne    v16, v15, pc + 8
core   0: 3 0x800002e4 (0x0107945b) c8_vstart 0x00000000 e32 m1 l32 current mask:	ffffffff current npc:	800002ec stack size: 0
core   0: 0x800002ec (0x0005a7fb) vlw12.v v15, v11, 0
core   0: 3 0x800002ec (0x0005a7fb) e32 m1 l32 v15 ffffffff 0x00000000 00000000 00000000 00000000 00000000 00000000 00000000 00000000 00000000 00000000 00000000 00000000 00000000 00000000 3f7efeff 3f46c6c7 00000000 3f7efeff 00000000 00000000 3f46c6c7 00000000 00000000 00000000 00000000 3f7efeff 00000000 00000000 00000000 00000000 00000000 00000000  c8_vstart 0x00000000 mem 0x9000015c mem 0x9000038c mem 0x900005bc mem 0x900007ec mem 0x90000a1c mem 0x90000170 mem 0x900003a0 mem 0x900005d0 mem 0x90000800 mem 0x90000a30 mem 0x90000184 mem 0x900003b4 mem 0x900005e4 mem 0x90000814 mem 0x90000a44 mem 0x90000198 mem 0x900003c8 mem 0x900005f8 mem 0x90000828 mem 0x90000a58 mem 0x900001ac mem 0x900003dc mem 0x9000060c mem 0x9000083c mem 0x90000a6c mem 0x900001ac mem 0x900003dc mem 0x9000060c mem 0x9000083c mem 0x90000a6c mem 0x900001ac mem 0x900003dc
core   0: 0x800002f0 (0x0007287b) vlw12.v v16, v14, 0
core   0: 3 0x800002f0 (0x0007287b) e32 m1 l32 v16 ffffffff 0x3e465d32 3e465d32 3e465d32 3e465d32 3e465d32 3e465d32 3e465d32 3e465d32 3e465d32 3e465d32 3e465d32 3e465d32 3e465d32 3e465d32 3e465d32 3e465d32 3e465d32 3e465d32 3e465d32 3e465d32 3e465d32 3e465d32 3e465d32 3e465d32 3e465d32 3e465d32 3e465d32 3e465d32 3e465d32 3e465d32 3e465d32 3e465d32  c8_vstart 0x00000000 mem 0x90002048 mem 0x90002048 mem 0x90002048 mem 0x90002048 mem 0x90002048 mem 0x90002048 mem 0x90002048 mem 0x90002048 mem 0x90002048 mem 0x90002048 mem 0x90002048 mem 0x90002048 mem 0x90002048 mem 0x90002048 mem 0x90002048 mem 0x90002048 mem 0x90002048 mem 0x90002048 mem 0x90002048 mem 0x90002048 mem 0x90002048 mem 0x90002048 mem 0x90002048 mem 0x90002048 mem 0x90002048 mem 0x90002048 mem 0x90002048 mem 0x90002048 mem 0x90002048 mem 0x90002048 mem 0x90002048 mem 0x90002048
core   0: 0x800002f4 (0xa21817d7) vfmadd.vv v15, v1, v16
core   0: 3 0x800002f4 (0xa21817d7) c8_vstart 0x00000000 c1_fflags 0x00000001 e32 m1 l32 v15 ffffffff 0x3e72d928 3ade121e 3ade121e 3ade121e 3f85925a 3e72d928 3ade121e 3ade121e 3ade121e 3f85925a 3e72d928 3ade121e 3f082330 403be890 40375dbd 3f53a42a 3ade121e 40512c73 3ade121e 3ec05eed 3f885e60 3ade121e 3ade121e 3ade121e 3ade121e 3fdc8623 3ade121e 3ade121e 3ade121e 3ade121e 3ade121e 3ade121e 
core   0: 0x800002f8 (0x02f040d7) vadd.vx v1, v15, x0
core   0: 3 0x800002f8 (0x02f040d7) c8_vstart 0x00000000 e32 m1 l32 v1  ffffffff 0x3e72d928 3ade121e 3ade121e 3ade121e 3f85925a 3e72d928 3ade121e 3ade121e 3ade121e 3f85925a 3e72d928 3ade121e 3f082330 403be890 40375dbd 3f53a42a 3ade121e 40512c73 3ade121e 3ec05eed 3f885e60 3ade121e 3ade121e 3ade121e 3ade121e 3fdc8623 3ade121e 3ade121e 3ade121e 3ade121e 3ade121e 3ade121e 
core   0: 0x800002fc (0x0000205b) join    v0, v0, pc + 0
core   0: 3 0x800002fc (0x0000205b) current mask:	ffffffff current npc:	800002ec stack size: 0
core   0: 0x80000300 (0x5e0047d7) vmv.v.x v15, x0
core   0: 3 0x80000300 (0x5e0047d7) c8_vstart 0x00000000 e32 m1 l32 v15 ffffffff 0x00000000 00000000 00000000 00000000 00000000 00000000 00000000 00000000 00000000 00000000 00000000 00000000 00000000 00000000 00000000 00000000 00000000 00000000 00000000 00000000 00000000 00000000 00000000 00000000 00000000 00000000 00000000 00000000 00000000 00000000 00000000 00000000 
core   0: 0x80000304 (0x02e23757) vadd.vi v14, v14, 4
core   0: 3 0x80000304 (0x02e23757) c8_vstart 0x00000000 e32 m1 l32 v14 ffffffff 0x9000204c 9000204c 9000204c 9000204c 9000204c 9000204c 9000204c 9000204c 9000204c 9000204c 9000204c 9000204c 9000204c 9000204c 9000204c 9000204c 9000204c 9000204c 9000204c 9000204c 9000204c 9000204c 9000204c 9000204c 9000204c 9000204c 9000204c 9000204c 9000204c 9000204c 9000204c 9000204c 
core   0: 0x80000308 (0x0016968b) vsub12.vi v13, v13, 1
core   0: 3 0x80000308 (0x0016968b) c8_vstart 0x00000000 e32 m1 l32 v13 ffffffff 0x00000001 00000001 00000001 00000001 00000001 00000001 00000001 00000001 00000001 00000001 00000001 00000001 00000001 00000001 00000001 00000001 00000001 00000001 00000001 00000001 00000001 00000001 00000001 00000001 00000001 00000001 00000001 00000001 00000001 00000001 00000001 00000001 
core   0: 0x8000030c (0x02c0b657) vadd.vi v12, v12, 1
core   0: 3 0x8000030c (0x02c0b657) c8_vstart 0x00000000 e32 m1 l32 v12 ffffffff 0x00000018 00000018 00000018 00000018 00000018 00000018 00000018 00000018 00000018 00000018 00000018 00000018 00000013 00000013 00000013 00000013 00000013 0000000e 0000000e 0000000e 0000000e 0000000e 00000009 00000009 00000009 00000009 00000009 00000004 00000004 00000004 00000004 00000004 
core   0: 0x80000310 (0x02b235d7) vadd.vi v11, v11, 4
core   0: 3 0x80000310 (0x02b235d7) c8_vstart 0x00000000 e32 m1 l32 v11 ffffffff 0x900003e0 900001b0 90000a70 90000840 90000610 900003e0 900001b0 90000a70 90000840 90000610 900003e0 900001b0 90000a5c 9000082c 900005fc 900003cc 9000019c 90000a48 90000818 900005e8 900003b8 90000188 90000a34 90000804 900005d4 900003a4 90000174 90000a20 900007f0 900005c0 90000390 90000160 
core   0: 0x80000314 (0x00000317) auipc   x6, 0x0
core   0: 3 0x80000314 (0x00000317) x6  0x80000314
core   0: 0x80000318 (0xf943305b) setrpc  x0, x6, -108
core   0: 3 0x80000318 (0xf943305b) c2060_rpc 0x800002a8 current mask:	ffffffff current npc:	800002ec stack size: 0
core   0: 0x8000031c (0xf8d786db) vbeq    v13, v15, pc - 116
core   0: 3 0x8000031c (0xf8d786db) c8_vstart 0x00000000 e32 m1 l32 current mask:	ffffffff current npc:	80000320 stack size: 0
core   0: 0x80000320 (0xfadff06f) j       pc - 0x54
core   0: 3 0x80000320 (0xfadff06f)
core   0: 0x800002cc (0x5e0047d7) vmv.v.x v15, x0
core   0: 3 0x800002cc (0x5e0047d7) c8_vstart 0x00000000 e32 m1 l32 v15 ffffffff 0x00000000 00000000 00000000 00000000 00000000 00000000 00000000 00000000 00000000 00000000 00000000 00000000 00000000 00000000 00000000 00000000 00000000 00000000 00000000 00000000 00000000 00000000 00000000 00000000 00000000 00000000 00000000 00000000 00000000 00000000 00000000 00000000 
core   0: 0x800002d0 (0x6ea54857) vmslt.vx v16, v10, x10
core   0: 3 0x800002d0 (0x6ea54857) c8_vstart 0x00000000 e32 m1 l32 v16 ffffffff 0x00000001 00000001 00000001 00000001 00000001 00000001 00000001 00000001 00000001 00000001 00000001 00000001 00000001 00000001 00000001 00000001 00000001 00000001 00000001 00000001 00000001 00000001 00000001 00000001 00000001 00000001 00000001 00000001 00000001 00000001 00000001 00000001 
core   0: 0x800002d4 (0x6ec4c8d7) vmslt.vx v17, v12, x9
core   0: 3 0x800002d4 (0x6ec4c8d7) c8_vstart 0x00000000 e32 m1 l32 v17 ffffffff 0x00000001 00000001 00000001 00000001 00000001 00000001 00000001 00000001 00000001 00000001 00000001 00000001 00000001 00000001 00000001 00000001 00000001 00000001 00000001 00000001 00000001 00000001 00000001 00000001 00000001 00000001 00000001 00000001 00000001 00000001 00000001 00000001 
core   0: 0x800002d8 (0x27088857) vand.vv v16, v16, v17
core   0: 3 0x800002d8 (0x27088857) c8_vstart 0x00000000 e32 m1 l32 v16 ffffffff 0x00000001 00000001 00000001 00000001 00000001 00000001 00000001 00000001 00000001 00000001 00000001 00000001 00000001 00000001 00000001 00000001 00000001 00000001 00000001 00000001 00000001 00000001 00000001 00000001 00000001 00000001 00000001 00000001 00000001 00000001 00000001 00000001 
core   0: 0x800002dc (0x00000317) auipc   x6, 0x0
core   0: 3 0x800002dc (0x00000317) x6  0x800002dc
core   0: 0x800002e0 (0x0203305b) setrpc  x0, x6, 32
core   0: 3 0x800002e0 (0x0203305b) c2060_rpc 0x800002fc current mask:	ffffffff current npc:	80000320 stack size: 0
core   0: 0x800002e4 (0x0107945b) vbne    v16, v15, pc + 8
core   0: 3 0x800002e4 (0x0107945b) c8_vstart 0x00000000 e32 m1 l32 current mask:	ffffffff current npc:	800002ec stack size: 0
core   0: 0x800002ec (0x0005a7fb) vlw12.v v15, v11, 0
core   0: 3 0x800002ec (0x0005a7fb) e32 m1 l32 v15 ffffffff 0x00000000 00000000 00000000 00000000 00000000 00000000 00000000 00000000 00000000 00000000 00000000 00000000 00000000 00000000 3f6eeeef 3f46c6c7 00000000 3e50d0d1 3e969697 00000000 3f46c6c7 00000000 00000000 00000000 00000000 3f7efeff 00000000 00000000 00000000 00000000 00000000 00000000  c8_vstart 0x00000000 mem 0x90000160 mem 0x90000390 mem 0x900005c0 mem 0x900007f0 mem 0x90000a20 mem 0x90000174 mem 0x900003a4 mem 0x900005d4 mem 0x90000804 mem 0x90000a34 mem 0x90000188 mem 0x900003b8 mem 0x900005e8 mem 0x90000818 mem 0x90000a48 mem 0x9000019c mem 0x900003cc mem 0x900005fc mem 0x9000082c mem 0x90000a5c mem 0x900001b0 mem 0x900003e0 mem 0x90000610 mem 0x90000840 mem 0x90000a70 mem 0x900001b0 mem 0x900003e0 mem 0x90000610 mem 0x90000840 mem 0x90000a70 mem 0x900001b0 mem 0x900003e0
core   0: 0x800002f0 (0x0007287b) vlw12.v v16, v14, 0
core   0: 3 0x800002f0 (0x0007287b) e32 m1 l32 v16 ffffffff 0x3ed04204 3ed04204 3ed04204 3ed04204 3ed04204 3ed04204 3ed04204 3ed04204 3ed04204 3ed04204 3ed04204 3ed04204 3ed04204 3ed04204 3ed04204 3ed04204 3ed04204 3ed04204 3ed04204 3ed04204 3ed04204 3ed04204 3ed04204 3ed04204 3ed04204 3ed04204 3ed04204 3ed04204 3ed04204 3ed04204 3ed04204 3ed04204  c8_vstart 0x00000000 mem 0x9000204c mem 0x9000204c mem 0x9000204c mem 0x9000204c mem 0x9000204c mem 0x9000204c mem 0x9000204c mem 0x9000204c mem 0x9000204c mem 0x9000204c mem 0x9000204c mem 0x9000204c mem 0x9000204c mem 0x9000204c mem 0x9000204c mem 0x9000204c mem 0x9000204c mem 0x9000204c mem 0x9000204c mem 0x9000204c mem 0x9000204c mem 0x9000204c mem 0x9000204c mem 0x9000204c mem 0x9000204c mem 0x9000204c mem 0x9000204c mem 0x9000204c mem 0x9000204c mem 0x9000204c mem 0x9000204c mem 0x9000204c
core   0: 0x800002f4 (0xa21817d7) vfmadd.vv v15, v1, v16
core   0: 3 0x800002f4 (0xa21817d7) c8_vstart 0x00000000 c1_fflags 0x00000001 e32 m1 l32 v15 ffffffff 0x3e72d928 3ade121e 3ade121e 3ade121e 3f85925a 3e72d928 3ade121e 3ade121e 3ade121e 3f85925a 3e72d928 3ade121e 3f082330 403be890 404fa9b5 3f923f46 3ade121e 40567b6f 3df87aa8 3ec05eed 3fb0cb91 3ade121e 3ade121e 3ade121e 3ade121e 40083130 3ade121e 3ade121e 3ade121e 3ade121e 3ade121e 3ade121e 
core   0: 0x800002f8 (0x02f040d7) vadd.vx v1, v15, x0
core   0: 3 0x800002f8 (0x02f040d7) c8_vstart 0x00000000 e32 m1 l32 v1  ffffffff 0x3e72d928 3ade121e 3ade121e 3ade121e 3f85925a 3e72d928 3ade121e 3ade121e 3ade121e 3f85925a 3e72d928 3ade121e 3f082330 403be890 404fa9b5 3f923f46 3ade121e 40567b6f 3df87aa8 3ec05eed 3fb0cb91 3ade121e 3ade121e 3ade121e 3ade121e 40083130 3ade121e 3ade121e 3ade121e 3ade121e 3ade121e 3ade121e 
core   0: 0x800002fc (0x0000205b) join    v0, v0, pc + 0
core   0: 3 0x800002fc (0x0000205b) current mask:	ffffffff current npc:	800002ec stack size: 0
core   0: 0x80000300 (0x5e0047d7) vmv.v.x v15, x0
core   0: 3 0x80000300 (0x5e0047d7) c8_vstart 0x00000000 e32 m1 l32 v15 ffffffff 0x00000000 00000000 00000000 00000000 00000000 00000000 00000000 00000000 00000000 00000000 00000000 00000000 00000000 00000000 00000000 00000000 00000000 00000000 00000000 00000000 00000000 00000000 00000000 00000000 00000000 00000000 00000000 00000000 00000000 00000000 00000000 00000000 
core   0: 0x80000304 (0x02e23757) vadd.vi v14, v14, 4
core   0: 3 0x80000304 (0x02e23757) c8_vstart 0x00000000 e32 m1 l32 v14 ffffffff 0x90002050 90002050 90002050 90002050 90002050 90002050 90002050 90002050 90002050 90002050 90002050 90002050 90002050 90002050 90002050 90002050 90002050 90002050 90002050 90002050 90002050 90002050 90002050 90002050 90002050 90002050 90002050 90002050 90002050 90002050 90002050 90002050 
core   0: 0x80000308 (0x0016968b) vsub12.vi v13, v13, 1
core   0: 3 0x80000308 (0x0016968b) c8_vstart 0x00000000 e32 m1 l32 v13 ffffffff 0x00000000 00000000 00000000 00000000 00000000 00000000 00000000 00000000 00000000 00000000 00000000 00000000 00000000 00000000 00000000 00000000 00000000 00000000 00000000 00000000 00000000 00000000 00000000 00000000 00000000 00000000 00000000 00000000 00000000 00000000 00000000 00000000 
core   0: 0x8000030c (0x02c0b657) vadd.vi v12, v12, 1
core   0: 3 0x8000030c (0x02c0b657) c8_vstart 0x00000000 e32 m1 l32 v12 ffffffff 0x00000019 00000019 00000019 00000019 00000019 00000019 00000019 00000019 00000019 00000019 00000019 00000019 00000014 00000014 00000014 00000014 00000014 0000000f 0000000f 0000000f 0000000f 0000000f 0000000a 0000000a 0000000a 0000000a 0000000a 00000005 00000005 00000005 00000005 00000005 
core   0: 0x80000310 (0x02b235d7) vadd.vi v11, v11, 4
core   0: 3 0x80000310 (0x02b235d7) c8_vstart 0x00000000 e32 m1 l32 v11 ffffffff 0x900003e4 900001b4 90000a74 90000844 90000614 900003e4 900001b4 90000a74 90000844 90000614 900003e4 900001b4 90000a60 90000830 90000600 900003d0 900001a0 90000a4c 9000081c 900005ec 900003bc 9000018c 90000a38 90000808 900005d8 900003a8 90000178 90000a24 900007f4 900005c4 90000394 90000164 
core   0: 0x80000314 (0x00000317) auipc   x6, 0x0
core   0: 3 0x80000314 (0x00000317) x6  0x80000314
core   0: 0x80000318 (0xf943305b) setrpc  x0, x6, -108
core   0: 3 0x80000318 (0xf943305b) c2060_rpc 0x800002a8 current mask:	ffffffff current npc:	800002ec stack size: 0
core   0: 0x8000031c (0xf8d786db) vbeq    v13, v15, pc - 116
core   0: 3 0x8000031c (0xf8d786db) c8_vstart 0x00000000 e32 m1 l32 current mask:	ffffffff current npc:	800002a8 stack size: 0
core   0: 0x800002a8 (0x0000205b) join    v0, v0, pc + 0
core   0: 3 0x800002a8 (0x0000205b) current mask:	ffffffff current npc:	800002a8 stack size: 0
core   0: 0x800002ac (0x0270b3d7) vadd.vi v7, v7, 1
core   0: 3 0x800002ac (0x0270b3d7) c8_vstart 0x00000000 e32 m1 l32 v7  ffffffff 0x00000004 00000004 00000004 00000004 00000004 00000004 00000004 00000004 00000004 00000004 00000004 00000004 00000004 00000004 00000004 00000004 00000004 00000004 00000004 00000004 00000004 00000004 00000004 00000004 00000004 00000004 00000004 00000004 00000004 00000004 00000004 00000004 
core   0: 0x800002b0 (0x029644d7) vadd.vx v9, v9, x12
core   0: 3 0x800002b0 (0x029644d7) c8_vstart 0x00000000 e32 m1 l32 v9  ffffffff 0x90002050 90002050 90002050 90002050 90002050 90002050 90002050 90002050 90002050 90002050 90002050 90002050 90002050 90002050 90002050 90002050 90002050 90002050 90002050 90002050 90002050 90002050 90002050 90002050 90002050 90002050 90002050 90002050 90002050 90002050 90002050 90002050 
core   0: 0x800002b4 (0x5e03c557) vmv.v.x v10, x7
core   0: 3 0x800002b4 (0x5e03c557) c8_vstart 0x00000000 e32 m1 l32 v10 ffffffff 0x00000005 00000005 00000005 00000005 00000005 00000005 00000005 00000005 00000005 00000005 00000005 00000005 00000005 00000005 00000005 00000005 00000005 00000005 00000005 00000005 00000005 00000005 00000005 00000005 00000005 00000005 00000005 00000005 00000005 00000005 00000005 00000005 
core   0: 0x800002b8 (0x02874457) vadd.vx v8, v8, x14
core   0: 3 0x800002b8 (0x02874457) c8_vstart 0x00000000 e32 m1 l32 v8  ffffffff 0x90000440 90000210 90000ad0 900008a0 90000670 90000440 90000210 90000ad0 900008a0 90000670 90000440 90000210 90000abc 9000088c 9000065c 9000042c 900001fc 90000aa8 90000878 90000648 90000418 900001e8 90000a94 90000864 90000634 90000404 900001d4 90000a80 90000850 90000620 900003f0 900001c0 
core   0: 0x800002bc (0x00000317) auipc   x6, 0x0
core   0: 3 0x800002bc (0x00000317) x6  0x800002bc
core   0: 0x800002c0 (0xfc83305b) setrpc  x0, x6, -56
core   0: 3 0x800002c0 (0xfc83305b) c2060_rpc 0x80000284 current mask:	ffffffff current npc:	800002a8 stack size: 0
core   0: 0x800002c4 (0xfc7500db) vbeq    v7, v10, pc - 64
core   0: 3 0x800002c4 (0xfc7500db) c8_vstart 0x00000000 e32 m1 l32 current mask:	ffffffff current npc:	800002c8 stack size: 0
core   0: 0x800002c8 (0xf9dff06f) j       pc - 0x64
core   0: 3 0x800002c8 (0xf9dff06f)
core   0: 0x80000264 (0x00504463) blt     x0, x5, pc + 8
core   0: 3 0x80000264 (0x00504463)
core   0: 0x8000026c (0x02718557) vadd.vv v10, v7, v3
core   0: 3 0x8000026c (0x02718557) c8_vstart 0x00000000 e32 m1 l32 v10 ffffffff 0x00000009 00000004 00000018 00000013 0000000e 00000009 00000004 00000018 00000013 0000000e 00000009 00000004 00000018 00000013 0000000e 00000009 00000004 00000018 00000013 0000000e 00000009 00000004 00000018 00000013 0000000e 00000009 00000004 00000018 00000013 0000000e 00000009 00000004 
core   0: 0x80000270 (0x028045d7) vadd.vx v11, v8, x0
core   0: 3 0x80000270 (0x028045d7) c8_vstart 0x00000000 e32 m1 l32 v11 ffffffff 0x90000440 90000210 90000ad0 900008a0 90000670 90000440 90000210 90000ad0 900008a0 90000670 90000440 90000210 90000abc 9000088c 9000065c 9000042c 900001fc 90000aa8 90000878 90000648 90000418 900001e8 90000a94 90000864 90000634 90000404 900001d4 90000a80 90000850 90000620 900003f0 900001c0 
core   0: 0x80000274 (0x02404657) vadd.vx v12, v4, x0
core   0: 3 0x80000274 (0x02404657) c8_vstart 0x00000000 e32 m1 l32 v12 ffffffff 0x00000014 00000014 00000014 00000014 00000014 00000014 00000014 00000014 00000014 00000014 00000014 00000014 0000000f 0000000f 0000000f 0000000f 0000000f 0000000a 0000000a 0000000a 0000000a 0000000a 00000005 00000005 00000005 00000005 00000005 00000000 00000000 00000000 00000000 00000000 
core   0: 0x80000278 (0x5e02c6d7) vmv.v.x v13, x5
core   0: 3 0x80000278 (0x5e02c6d7) c8_vstart 0x00000000 e32 m1 l32 v13 ffffffff 0x00000005 00000005 00000005 00000005 00000005 00000005 00000005 00000005 00000005 00000005 00000005 00000005 00000005 00000005 00000005 00000005 00000005 00000005 00000005 00000005 00000005 00000005 00000005 00000005 00000005 00000005 00000005 00000005 00000005 00000005 00000005 00000005 
core   0: 0x8000027c (0x02904757) vadd.vx v14, v9, x0
core   0: 3 0x8000027c (0x02904757) c8_vstart 0x00000000 e32 m1 l32 v14 ffffffff 0x90002050 90002050 90002050 90002050 90002050 90002050 90002050 90002050 90002050 90002050 90002050 90002050 90002050 90002050 90002050 90002050 90002050 90002050 90002050 90002050 90002050 90002050 90002050 90002050 90002050 90002050 90002050 90002050 90002050 90002050 90002050 90002050 
core   0: 0x80000280 (0x04c0006f) j       pc + 0x4c
core   0: 3 0x80000280 (0x04c0006f)
core   0: 0x800002cc (0x5e0047d7) vmv.v.x v15, x0
core   0: 3 0x800002cc (0x5e0047d7) c8_vstart 0x00000000 e32 m1 l32 v15 ffffffff 0x00000000 00000000 00000000 00000000 00000000 00000000 00000000 00000000 00000000 00000000 00000000 00000000 00000000 00000000 00000000 00000000 00000000 00000000 00000000 00000000 00000000 00000000 00000000 00000000 00000000 00000000 00000000 00000000 00000000 00000000 00000000 00000000 
core   0: 0x800002d0 (0x6ea54857) vmslt.vx v16, v10, x10
core   0: 3 0x800002d0 (0x6ea54857) c8_vstart 0x00000000 e32 m1 l32 v16 ffffffff 0x00000001 00000001 00000001 00000001 00000001 00000001 00000001 00000001 00000001 00000001 00000001 00000001 00000001 00000001 00000001 00000001 00000001 00000001 00000001 00000001 00000001 00000001 00000001 00000001 00000001 00000001 00000001 00000001 00000001 00000001 00000001 00000001 
core   0: 0x800002d4 (0x6ec4c8d7) vmslt.vx v17, v12, x9
core   0: 3 0x800002d4 (0x6ec4c8d7) c8_vstart 0x00000000 e32 m1 l32 v17 ffffffff 0x00000001 00000001 00000001 00000001 00000001 00000001 00000001 00000001 00000001 00000001 00000001 00000001 00000001 00000001 00000001 00000001 00000001 00000001 00000001 00000001 00000001 00000001 00000001 00000001 00000001 00000001 00000001 00000001 00000001 00000001 00000001 00000001 
core   0: 0x800002d8 (0x27088857) vand.vv v16, v16, v17
core   0: 3 0x800002d8 (0x27088857) c8_vstart 0x00000000 e32 m1 l32 v16 ffffffff 0x00000001 00000001 00000001 00000001 00000001 00000001 00000001 00000001 00000001 00000001 00000001 00000001 00000001 00000001 00000001 00000001 00000001 00000001 00000001 00000001 00000001 00000001 00000001 00000001 00000001 00000001 00000001 00000001 00000001 00000001 00000001 00000001 
core   0: 0x800002dc (0x00000317) auipc   x6, 0x0
core   0: 3 0x800002dc (0x00000317) x6  0x800002dc
core   0: 0x800002e0 (0x0203305b) setrpc  x0, x6, 32
core   0: 3 0x800002e0 (0x0203305b) c2060_rpc 0x800002fc current mask:	ffffffff current npc:	800002c8 stack size: 0
core   0: 0x800002e4 (0x0107945b) vbne    v16, v15, pc + 8
core   0: 3 0x800002e4 (0x0107945b) c8_vstart 0x00000000 e32 m1 l32 current mask:	ffffffff current npc:	800002ec stack size: 0
core   0: 0x800002ec (0x0005a7fb) vlw12.v v15, v11, 0
core   0: 3 0x800002ec (0x0005a7fb) e32 m1 l32 v15 ffffffff 0x3f7efeff 00000000 00000000 00000000 00000000 3f7efeff 00000000 00000000 00000000 00000000 3f7efeff 00000000 00000000 3f7efeff 00000000 3f7efeff 00000000 3e74f4f5 00000000 00000000 3f23a3a4 00000000 00000000 00000000 00000000 00000000 00000000 00000000 00000000 00000000 00000000 00000000  c8_vstart 0x00000000 mem 0x900001c0 mem 0x900003f0 mem 0x90000620 mem 0x90000850 mem 0x90000a80 mem 0x900001d4 mem 0x90000404 mem 0x90000634 mem 0x90000864 mem 0x90000a94 mem 0x900001e8 mem 0x90000418 mem 0x90000648 mem 0x90000878 mem 0x90000aa8 mem 0x900001fc mem 0x9000042c mem 0x9000065c mem 0x9000088c mem 0x90000abc mem 0x90000210 mem 0x90000440 mem 0x90000670 mem 0x900008a0 mem 0x90000ad0 mem 0x90000210 mem 0x90000440 mem 0x90000670 mem 0x900008a0 mem 0x90000ad0 mem 0x90000210 mem 0x90000440
core   0: 0x800002f0 (0x0007287b) vlw12.v v16, v14, 0
core   0: 3 0x800002f0 (0x0007287b) e32 m1 l32 v16 ffffffff 0x3ebeea18 3ebeea18 3ebeea18 3ebeea18 3ebeea18 3ebeea18 3ebeea18 3ebeea18 3ebeea18 3ebeea18 3ebeea18 3ebeea18 3ebeea18 3ebeea18 3ebeea18 3ebeea18 3ebeea18 3ebeea18 3ebeea18 3ebeea18 3ebeea18 3ebeea18 3ebeea18 3ebeea18 3ebeea18 3ebeea18 3ebeea18 3ebeea18 3ebeea18 3ebeea18 3ebeea18 3ebeea18  c8_vstart 0x00000000 mem 0x90002050 mem 0x90002050 mem 0x90002050 mem 0x90002050 mem 0x90002050 mem 0x90002050 mem 0x90002050 mem 0x90002050 mem 0x90002050 mem 0x90002050 mem 0x90002050 mem 0x90002050 mem 0x90002050 mem 0x90002050 mem 0x90002050 mem 0x90002050 mem 0x90002050 mem 0x90002050 mem 0x90002050 mem 0x90002050 mem 0x90002050 mem 0x90002050 mem 0x90002050 mem 0x90002050 mem 0x90002050 mem 0x90002050 mem 0x90002050 mem 0x90002050 mem 0x90002050 mem 0x90002050 mem 0x90002050 mem 0x90002050
core   0: 0x800002f4 (0xa21817d7) vfmadd.vv v15, v1, v16
core   0: 3 0x800002f4 (0xa21817d7) c8_vstart 0x00000000 c1_fflags 0x00000001 e32 m1 l32 v15 ffffffff 0x3f1bcb81 3ade121e 3ade121e 3ade121e 3f85925a 3f1bcb81 3ade121e 3ade121e 3ade121e 3f85925a 3f1bcb81 3ade121e 3f082330 4053adde 404fa9b5 3fc1c9e2 3ade121e 405c30dd 3df87aa8 3ec05eed 3fcf4dd7 3ade121e 3ade121e 3ade121e 3ade121e 40083130 3ade121e 3ade121e 3ade121e 3ade121e 3ade121e 3ade121e 
core   0: 0x800002f8 (0x02f040d7) vadd.vx v1, v15, x0
core   0: 3 0x800002f8 (0x02f040d7) c8_vstart 0x00000000 e32 m1 l32 v1  ffffffff 0x3f1bcb81 3ade121e 3ade121e 3ade121e 3f85925a 3f1bcb81 3ade121e 3ade121e 3ade121e 3f85925a 3f1bcb81 3ade121e 3f082330 4053adde 404fa9b5 3fc1c9e2 3ade121e 405c30dd 3df87aa8 3ec05eed 3fcf4dd7 3ade121e 3ade121e 3ade121e 3ade121e 40083130 3ade121e 3ade121e 3ade121e 3ade121e 3ade121e 3ade121e 
core   0: 0x800002fc (0x0000205b) join    v0, v0, pc + 0
core   0: 3 0x800002fc (0x0000205b) current mask:	ffffffff current npc:	800002ec stack size: 0
core   0: 0x80000300 (0x5e0047d7) vmv.v.x v15, x0
core   0: 3 0x80000300 (0x5e0047d7) c8_vstart 0x00000000 e32 m1 l32 v15 ffffffff 0x00000000 00000000 00000000 00000000 00000000 00000000 00000000 00000000 00000000 00000000 00000000 00000000 00000000 00000000 00000000 00000000 00000000 00000000 00000000 00000000 00000000 00000000 00000000 00000000 00000000 00000000 00000000 00000000 00000000 00000000 00000000 00000000 
core   0: 0x80000304 (0x02e23757) vadd.vi v14, v14, 4
core   0: 3 0x80000304 (0x02e23757) c8_vstart 0x00000000 e32 m1 l32 v14 ffffffff 0x90002054 90002054 90002054 90002054 90002054 90002054 90002054 90002054 90002054 90002054 90002054 90002054 90002054 90002054 90002054 90002054 90002054 90002054 90002054 90002054 90002054 90002054 90002054 90002054 90002054 90002054 90002054 90002054 90002054 90002054 90002054 90002054 
core   0: 0x80000308 (0x0016968b) vsub12.vi v13, v13, 1
core   0: 3 0x80000308 (0x0016968b) c8_vstart 0x00000000 e32 m1 l32 v13 ffffffff 0x00000004 00000004 00000004 00000004 00000004 00000004 00000004 00000004 00000004 00000004 00000004 00000004 00000004 00000004 00000004 00000004 00000004 00000004 00000004 00000004 00000004 00000004 00000004 00000004 00000004 00000004 00000004 00000004 00000004 00000004 00000004 00000004 
core   0: 0x8000030c (0x02c0b657) vadd.vi v12, v12, 1
core   0: 3 0x8000030c (0x02c0b657) c8_vstart 0x00000000 e32 m1 l32 v12 ffffffff 0x00000015 00000015 00000015 00000015 00000015 00000015 00000015 00000015 00000015 00000015 00000015 00000015 00000010 00000010 00000010 00000010 00000010 0000000b 0000000b 0000000b 0000000b 0000000b 00000006 00000006 00000006 00000006 00000006 00000001 00000001 00000001 00000001 00000001 
core   0: 0x80000310 (0x02b235d7) vadd.vi v11, v11, 4
core   0: 3 0x80000310 (0x02b235d7) c8_vstart 0x00000000 e32 m1 l32 v11 ffffffff 0x90000444 90000214 90000ad4 900008a4 90000674 90000444 90000214 90000ad4 900008a4 90000674 90000444 90000214 90000ac0 90000890 90000660 90000430 90000200 90000aac 9000087c 9000064c 9000041c 900001ec 90000a98 90000868 90000638 90000408 900001d8 90000a84 90000854 90000624 900003f4 900001c4 
core   0: 0x80000314 (0x00000317) auipc   x6, 0x0
core   0: 3 0x80000314 (0x00000317) x6  0x80000314
core   0: 0x80000318 (0xf943305b) setrpc  x0, x6, -108
core   0: 3 0x80000318 (0xf943305b) c2060_rpc 0x800002a8 current mask:	ffffffff current npc:	800002ec stack size: 0
core   0: 0x8000031c (0xf8d786db) vbeq    v13, v15, pc - 116
core   0: 3 0x8000031c (0xf8d786db) c8_vstart 0x00000000 e32 m1 l32 current mask:	ffffffff current npc:	80000320 stack size: 0
core   0: 0x80000320 (0xfadff06f) j       pc - 0x54
core   0: 3 0x80000320 (0xfadff06f)
core   0: 0x800002cc (0x5e0047d7) vmv.v.x v15, x0
core   0: 3 0x800002cc (0x5e0047d7) c8_vstart 0x00000000 e32 m1 l32 v15 ffffffff 0x00000000 00000000 00000000 00000000 00000000 00000000 00000000 00000000 00000000 00000000 00000000 00000000 00000000 00000000 00000000 00000000 00000000 00000000 00000000 00000000 00000000 00000000 00000000 00000000 00000000 00000000 00000000 00000000 00000000 00000000 00000000 00000000 
core   0: 0x800002d0 (0x6ea54857) vmslt.vx v16, v10, x10
core   0: 3 0x800002d0 (0x6ea54857) c8_vstart 0x00000000 e32 m1 l32 v16 ffffffff 0x00000001 00000001 00000001 00000001 00000001 00000001 00000001 00000001 00000001 00000001 00000001 00000001 00000001 00000001 00000001 00000001 00000001 00000001 00000001 00000001 00000001 00000001 00000001 00000001 00000001 00000001 00000001 00000001 00000001 00000001 00000001 00000001 
core   0: 0x800002d4 (0x6ec4c8d7) vmslt.vx v17, v12, x9
core   0: 3 0x800002d4 (0x6ec4c8d7) c8_vstart 0x00000000 e32 m1 l32 v17 ffffffff 0x00000001 00000001 00000001 00000001 00000001 00000001 00000001 00000001 00000001 00000001 00000001 00000001 00000001 00000001 00000001 00000001 00000001 00000001 00000001 00000001 00000001 00000001 00000001 00000001 00000001 00000001 00000001 00000001 00000001 00000001 00000001 00000001 
core   0: 0x800002d8 (0x27088857) vand.vv v16, v16, v17
core   0: 3 0x800002d8 (0x27088857) c8_vstart 0x00000000 e32 m1 l32 v16 ffffffff 0x00000001 00000001 00000001 00000001 00000001 00000001 00000001 00000001 00000001 00000001 00000001 00000001 00000001 00000001 00000001 00000001 00000001 00000001 00000001 00000001 00000001 00000001 00000001 00000001 00000001 00000001 00000001 00000001 00000001 00000001 00000001 00000001 
core   0: 0x800002dc (0x00000317) auipc   x6, 0x0
core   0: 3 0x800002dc (0x00000317) x6  0x800002dc
core   0: 0x800002e0 (0x0203305b) setrpc  x0, x6, 32
core   0: 3 0x800002e0 (0x0203305b) c2060_rpc 0x800002fc current mask:	ffffffff current npc:	80000320 stack size: 0
core   0: 0x800002e4 (0x0107945b) vbne    v16, v15, pc + 8
core   0: 3 0x800002e4 (0x0107945b) c8_vstart 0x00000000 e32 m1 l32 current mask:	ffffffff current npc:	800002ec stack size: 0
core   0: 0x800002ec (0x0005a7fb) vlw12.v v15, v11, 0
core   0: 3 0x800002ec (0x0005a7fb) e32 m1 l32 v15 ffffffff 0x3f0c8c8d 00000000 00000000 00000000 00000000 3f0c8c8d 00000000 00000000 00000000 00000000 3f0c8c8d 00000000 00000000 3f26a6a7 3e6ceced 3f7efeff 00000000 3f72f2f3 00000000 00000000 3f63e3e4 00000000 00000000 00000000 00000000 3e868687 00000000 00000000 00000000 00000000 00000000 00000000  c8_vstart 0x00000000 mem 0x900001c4 mem 0x900003f4 mem 0x90000624 mem 0x90000854 mem 0x90000a84 mem 0x900001d8 mem 0x90000408 mem 0x90000638 mem 0x90000868 mem 0x90000a98 mem 0x900001ec mem 0x9000041c mem 0x9000064c mem 0x9000087c mem 0x90000aac mem 0x90000200 mem 0x90000430 mem 0x90000660 mem 0x90000890 mem 0x90000ac0 mem 0x90000214 mem 0x90000444 mem 0x90000674 mem 0x900008a4 mem 0x90000ad4 mem 0x90000214 mem 0x90000444 mem 0x90000674 mem 0x900008a4 mem 0x90000ad4 mem 0x90000214 mem 0x90000444
core   0: 0x800002f0 (0x0007287b) vlw12.v v16, v14, 0
core   0: 3 0x800002f0 (0x0007287b) e32 m1 l32 v16 ffffffff 0x3f06c007 3f06c007 3f06c007 3f06c007 3f06c007 3f06c007 3f06c007 3f06c007 3f06c007 3f06c007 3f06c007 3f06c007 3f06c007 3f06c007 3f06c007 3f06c007 3f06c007 3f06c007 3f06c007 3f06c007 3f06c007 3f06c007 3f06c007 3f06c007 3f06c007 3f06c007 3f06c007 3f06c007 3f06c007 3f06c007 3f06c007 3f06c007  c8_vstart 0x00000000 mem 0x90002054 mem 0x90002054 mem 0x90002054 mem 0x90002054 mem 0x90002054 mem 0x90002054 mem 0x90002054 mem 0x90002054 mem 0x90002054 mem 0x90002054 mem 0x90002054 mem 0x90002054 mem 0x90002054 mem 0x90002054 mem 0x90002054 mem 0x90002054 mem 0x90002054 mem 0x90002054 mem 0x90002054 mem 0x90002054 mem 0x90002054 mem 0x90002054 mem 0x90002054 mem 0x90002054 mem 0x90002054 mem 0x90002054 mem 0x90002054 mem 0x90002054 mem 0x90002054 mem 0x90002054 mem 0x90002054 mem 0x90002054
core   0: 0x800002f4 (0xa21817d7) vfmadd.vv v15, v1, v16
core   0: 3 0x800002f4 (0xa21817d7) c8_vstart 0x00000000 c1_fflags 0x00000001 e32 m1 l32 v15 ffffffff 0x3f65c680 3ade121e 3ade121e 3ade121e 3f85925a 3f65c680 3ade121e 3ade121e 3ade121e 3f85925a 3f65c680 3ade121e 3f082330 40699bed 40577511 40027321 3ade121e 407c2937 3df87aa8 3ec05eed 4005a3fa 3ade121e 3ade121e 3ade121e 3ade121e 40110b1a 3ade121e 3ade121e 3ade121e 3ade121e 3ade121e 3ade121e 
core   0: 0x800002f8 (0x02f040d7) vadd.vx v1, v15, x0
core   0: 3 0x800002f8 (0x02f040d7) c8_vstart 0x00000000 e32 m1 l32 v1  ffffffff 0x3f65c680 3ade121e 3ade121e 3ade121e 3f85925a 3f65c680 3ade121e 3ade121e 3ade121e 3f85925a 3f65c680 3ade121e 3f082330 40699bed 40577511 40027321 3ade121e 407c2937 3df87aa8 3ec05eed 4005a3fa 3ade121e 3ade121e 3ade121e 3ade121e 40110b1a 3ade121e 3ade121e 3ade121e 3ade121e 3ade121e 3ade121e 
core   0: 0x800002fc (0x0000205b) join    v0, v0, pc + 0
core   0: 3 0x800002fc (0x0000205b) current mask:	ffffffff current npc:	800002ec stack size: 0
core   0: 0x80000300 (0x5e0047d7) vmv.v.x v15, x0
core   0: 3 0x80000300 (0x5e0047d7) c8_vstart 0x00000000 e32 m1 l32 v15 ffffffff 0x00000000 00000000 00000000 00000000 00000000 00000000 00000000 00000000 00000000 00000000 00000000 00000000 00000000 00000000 00000000 00000000 00000000 00000000 00000000 00000000 00000000 00000000 00000000 00000000 00000000 00000000 00000000 00000000 00000000 00000000 00000000 00000000 
core   0: 0x80000304 (0x02e23757) vadd.vi v14, v14, 4
core   0: 3 0x80000304 (0x02e23757) c8_vstart 0x00000000 e32 m1 l32 v14 ffffffff 0x90002058 90002058 90002058 90002058 90002058 90002058 90002058 90002058 90002058 90002058 90002058 90002058 90002058 90002058 90002058 90002058 90002058 90002058 90002058 90002058 90002058 90002058 90002058 90002058 90002058 90002058 90002058 90002058 90002058 90002058 90002058 90002058 
core   0: 0x80000308 (0x0016968b) vsub12.vi v13, v13, 1
core   0: 3 0x80000308 (0x0016968b) c8_vstart 0x00000000 e32 m1 l32 v13 ffffffff 0x00000003 00000003 00000003 00000003 00000003 00000003 00000003 00000003 00000003 00000003 00000003 00000003 00000003 00000003 00000003 00000003 00000003 00000003 00000003 00000003 00000003 00000003 00000003 00000003 00000003 00000003 00000003 00000003 00000003 00000003 00000003 00000003 
core   0: 0x8000030c (0x02c0b657) vadd.vi v12, v12, 1
core   0: 3 0x8000030c (0x02c0b657) c8_vstart 0x00000000 e32 m1 l32 v12 ffffffff 0x00000016 00000016 00000016 00000016 00000016 00000016 00000016 00000016 00000016 00000016 00000016 00000016 00000011 00000011 00000011 00000011 00000011 0000000c 0000000c 0000000c 0000000c 0000000c 00000007 00000007 00000007 00000007 00000007 00000002 00000002 00000002 00000002 00000002 
core   0: 0x80000310 (0x02b235d7) vadd.vi v11, v11, 4
core   0: 3 0x80000310 (0x02b235d7) c8_vstart 0x00000000 e32 m1 l32 v11 ffffffff 0x90000448 90000218 90000ad8 900008a8 90000678 90000448 90000218 90000ad8 900008a8 90000678 90000448 90000218 90000ac4 90000894 90000664 90000434 90000204 90000ab0 90000880 90000650 90000420 900001f0 90000a9c 9000086c 9000063c 9000040c 900001dc 90000a88 90000858 90000628 900003f8 900001c8 
core   0: 0x80000314 (0x00000317) auipc   x6, 0x0
core   0: 3 0x80000314 (0x00000317) x6  0x80000314
core   0: 0x80000318 (0xf943305b) setrpc  x0, x6, -108
core   0: 3 0x80000318 (0xf943305b) c2060_rpc 0x800002a8 current mask:	ffffffff current npc:	800002ec stack size: 0
core   0: 0x8000031c (0xf8d786db) vbeq    v13, v15, pc - 116
core   0: 3 0x8000031c (0xf8d786db) c8_vstart 0x00000000 e32 m1 l32 current mask:	ffffffff current npc:	80000320 stack size: 0
core   0: 0x80000320 (0xfadff06f) j       pc - 0x54
core   0: 3 0x80000320 (0xfadff06f)
core   0: 0x800002cc (0x5e0047d7) vmv.v.x v15, x0
core   0: 3 0x800002cc (0x5e0047d7) c8_vstart 0x00000000 e32 m1 l32 v15 ffffffff 0x00000000 00000000 00000000 00000000 00000000 00000000 00000000 00000000 00000000 00000000 00000000 00000000 00000000 00000000 00000000 00000000 00000000 00000000 00000000 00000000 00000000 00000000 00000000 00000000 00000000 00000000 00000000 00000000 00000000 00000000 00000000 00000000 
core   0: 0x800002d0 (0x6ea54857) vmslt.vx v16, v10, x10
core   0: 3 0x800002d0 (0x6ea54857) c8_vstart 0x00000000 e32 m1 l32 v16 ffffffff 0x00000001 00000001 00000001 00000001 00000001 00000001 00000001 00000001 00000001 00000001 00000001 00000001 00000001 00000001 00000001 00000001 00000001 00000001 00000001 00000001 00000001 00000001 00000001 00000001 00000001 00000001 00000001 00000001 00000001 00000001 00000001 00000001 
core   0: 0x800002d4 (0x6ec4c8d7) vmslt.vx v17, v12, x9
core   0: 3 0x800002d4 (0x6ec4c8d7) c8_vstart 0x00000000 e32 m1 l32 v17 ffffffff 0x00000001 00000001 00000001 00000001 00000001 00000001 00000001 00000001 00000001 00000001 00000001 00000001 00000001 00000001 00000001 00000001 00000001 00000001 00000001 00000001 00000001 00000001 00000001 00000001 00000001 00000001 00000001 00000001 00000001 00000001 00000001 00000001 
core   0: 0x800002d8 (0x27088857) vand.vv v16, v16, v17
core   0: 3 0x800002d8 (0x27088857) c8_vstart 0x00000000 e32 m1 l32 v16 ffffffff 0x00000001 00000001 00000001 00000001 00000001 00000001 00000001 00000001 00000001 00000001 00000001 00000001 00000001 00000001 00000001 00000001 00000001 00000001 00000001 00000001 00000001 00000001 00000001 00000001 00000001 00000001 00000001 00000001 00000001 00000001 00000001 00000001 
core   0: 0x800002dc (0x00000317) auipc   x6, 0x0
core   0: 3 0x800002dc (0x00000317) x6  0x800002dc
core   0: 0x800002e0 (0x0203305b) setrpc  x0, x6, 32
core   0: 3 0x800002e0 (0x0203305b) c2060_rpc 0x800002fc current mask:	ffffffff current npc:	80000320 stack size: 0
core   0: 0x800002e4 (0x0107945b) vbne    v16, v15, pc + 8
core   0: 3 0x800002e4 (0x0107945b) c8_vstart 0x00000000 e32 m1 l32 current mask:	ffffffff current npc:	800002ec stack size: 0
core   0: 0x800002ec (0x0005a7fb) vlw12.v v15, v11, 0
core   0: 3 0x800002ec (0x0005a7fb) e32 m1 l32 v15 ffffffff 0x00000000 00000000 00000000 00000000 00000000 00000000 00000000 00000000 00000000 00000000 00000000 00000000 00000000 00000000 3f79f9fa 3f7afafb 00000000 3f7efeff 00000000 00000000 3f7efeff 00000000 00000000 00000000 00000000 3ee4e4e5 00000000 00000000 00000000 00000000 00000000 00000000  c8_vstart 0x00000000 mem 0x900001c8 mem 0x900003f8 mem 0x90000628 mem 0x90000858 mem 0x90000a88 mem 0x900001dc mem 0x9000040c mem 0x9000063c mem 0x9000086c mem 0x90000a9c mem 0x900001f0 mem 0x90000420 mem 0x90000650 mem 0x90000880 mem 0x90000ab0 mem 0x90000204 mem 0x90000434 mem 0x90000664 mem 0x90000894 mem 0x90000ac4 mem 0x90000218 mem 0x90000448 mem 0x90000678 mem 0x900008a8 mem 0x90000ad8 mem 0x90000218 mem 0x90000448 mem 0x90000678 mem 0x900008a8 mem 0x90000ad8 mem 0x90000218 mem 0x90000448
core   0: 0x800002f0 (0x0007287b) vlw12.v v16, v14, 0
core   0: 3 0x800002f0 (0x0007287b) e32 m1 l32 v16 ffffffff 0x3f076878 3f076878 3f076878 3f076878 3f076878 3f076878 3f076878 3f076878 3f076878 3f076878 3f076878 3f076878 3f076878 3f076878 3f076878 3f076878 3f076878 3f076878 3f076878 3f076878 3f076878 3f076878 3f076878 3f076878 3f076878 3f076878 3f076878 3f076878 3f076878 3f076878 3f076878 3f076878  c8_vstart 0x00000000 mem 0x90002058 mem 0x90002058 mem 0x90002058 mem 0x90002058 mem 0x90002058 mem 0x90002058 mem 0x90002058 mem 0x90002058 mem 0x90002058 mem 0x90002058 mem 0x90002058 mem 0x90002058 mem 0x90002058 mem 0x90002058 mem 0x90002058 mem 0x90002058 mem 0x90002058 mem 0x90002058 mem 0x90002058 mem 0x90002058 mem 0x90002058 mem 0x90002058 mem 0x90002058 mem 0x90002058 mem 0x90002058 mem 0x90002058 mem 0x90002058 mem 0x90002058 mem 0x90002058 mem 0x90002058 mem 0x90002058 mem 0x90002058
core   0: 0x800002f4 (0xa21817d7) vfmadd.vv v15, v1, v16
core   0: 3 0x800002f4 (0xa21817d7) c8_vstart 0x00000000 c1_fflags 0x00000001 e32 m1 l32 v15 ffffffff 0x3f65c680 3ade121e 3ade121e 3ade121e 3f85925a 3f65c680 3ade121e 3ade121e 3ade121e 3f85925a 3f65c680 3ade121e 3f082330 40699bed 40788346 4023a352 3ade121e 408ef0ac 3df87aa8 3ec05eed 40275c1c 3ade121e 3ade121e 3ade121e 3ade121e 40202d5e 3ade121e 3ade121e 3ade121e 3ade121e 3ade121e 3ade121e 
core   0: 0x800002f8 (0x02f040d7) vadd.vx v1, v15, x0
core   0: 3 0x800002f8 (0x02f040d7) c8_vstart 0x00000000 e32 m1 l32 v1  ffffffff 0x3f65c680 3ade121e 3ade121e 3ade121e 3f85925a 3f65c680 3ade121e 3ade121e 3ade121e 3f85925a 3f65c680 3ade121e 3f082330 40699bed 40788346 4023a352 3ade121e 408ef0ac 3df87aa8 3ec05eed 40275c1c 3ade121e 3ade121e 3ade121e 3ade121e 40202d5e 3ade121e 3ade121e 3ade121e 3ade121e 3ade121e 3ade121e 
core   0: 0x800002fc (0x0000205b) join    v0, v0, pc + 0
core   0: 3 0x800002fc (0x0000205b) current mask:	ffffffff current npc:	800002ec stack size: 0
core   0: 0x80000300 (0x5e0047d7) vmv.v.x v15, x0
core   0: 3 0x80000300 (0x5e0047d7) c8_vstart 0x00000000 e32 m1 l32 v15 ffffffff 0x00000000 00000000 00000000 00000000 00000000 00000000 00000000 00000000 00000000 00000000 00000000 00000000 00000000 00000000 00000000 00000000 00000000 00000000 00000000 00000000 00000000 00000000 00000000 00000000 00000000 00000000 00000000 00000000 00000000 00000000 00000000 00000000 
core   0: 0x80000304 (0x02e23757) vadd.vi v14, v14, 4
core   0: 3 0x80000304 (0x02e23757) c8_vstart 0x00000000 e32 m1 l32 v14 ffffffff 0x9000205c 9000205c 9000205c 9000205c 9000205c 9000205c 9000205c 9000205c 9000205c 9000205c 9000205c 9000205c 9000205c 9000205c 9000205c 9000205c 9000205c 9000205c 9000205c 9000205c 9000205c 9000205c 9000205c 9000205c 9000205c 9000205c 9000205c 9000205c 9000205c 9000205c 9000205c 9000205c 
core   0: 0x80000308 (0x0016968b) vsub12.vi v13, v13, 1
core   0: 3 0x80000308 (0x0016968b) c8_vstart 0x00000000 e32 m1 l32 v13 ffffffff 0x00000002 00000002 00000002 00000002 00000002 00000002 00000002 00000002 00000002 00000002 00000002 00000002 00000002 00000002 00000002 00000002 00000002 00000002 00000002 00000002 00000002 00000002 00000002 00000002 00000002 00000002 00000002 00000002 00000002 00000002 00000002 00000002 
core   0: 0x8000030c (0x02c0b657) vadd.vi v12, v12, 1
core   0: 3 0x8000030c (0x02c0b657) c8_vstart 0x00000000 e32 m1 l32 v12 ffffffff 0x00000017 00000017 00000017 00000017 00000017 00000017 00000017 00000017 00000017 00000017 00000017 00000017 00000012 00000012 00000012 00000012 00000012 0000000d 0000000d 0000000d 0000000d 0000000d 00000008 00000008 00000008 00000008 00000008 00000003 00000003 00000003 00000003 00000003 
core   0: 0x80000310 (0x02b235d7) vadd.vi v11, v11, 4
core   0: 3 0x80000310 (0x02b235d7) c8_vstart 0x00000000 e32 m1 l32 v11 ffffffff 0x9000044c 9000021c 90000adc 900008ac 9000067c 9000044c 9000021c 90000adc 900008ac 9000067c 9000044c 9000021c 90000ac8 90000898 90000668 90000438 90000208 90000ab4 90000884 90000654 90000424 900001f4 90000aa0 90000870 90000640 90000410 900001e0 90000a8c 9000085c 9000062c 900003fc 900001cc 
core   0: 0x80000314 (0x00000317) auipc   x6, 0x0
core   0: 3 0x80000314 (0x00000317) x6  0x80000314
core   0: 0x80000318 (0xf943305b) setrpc  x0, x6, -108
core   0: 3 0x80000318 (0xf943305b) c2060_rpc 0x800002a8 current mask:	ffffffff current npc:	800002ec stack size: 0
core   0: 0x8000031c (0xf8d786db) vbeq    v13, v15, pc - 116
core   0: 3 0x8000031c (0xf8d786db) c8_vstart 0x00000000 e32 m1 l32 current mask:	ffffffff current npc:	80000320 stack size: 0
core   0: 0x80000320 (0xfadff06f) j       pc - 0x54
core   0: 3 0x80000320 (0xfadff06f)
core   0: 0x800002cc (0x5e0047d7) vmv.v.x v15, x0
core   0: 3 0x800002cc (0x5e0047d7) c8_vstart 0x00000000 e32 m1 l32 v15 ffffffff 0x00000000 00000000 00000000 00000000 00000000 00000000 00000000 00000000 00000000 00000000 00000000 00000000 00000000 00000000 00000000 00000000 00000000 00000000 00000000 00000000 00000000 00000000 00000000 00000000 00000000 00000000 00000000 00000000 00000000 00000000 00000000 00000000 
core   0: 0x800002d0 (0x6ea54857) vmslt.vx v16, v10, x10
core   0: 3 0x800002d0 (0x6ea54857) c8_vstart 0x00000000 e32 m1 l32 v16 ffffffff 0x00000001 00000001 00000001 00000001 00000001 00000001 00000001 00000001 00000001 00000001 00000001 00000001 00000001 00000001 00000001 00000001 00000001 00000001 00000001 00000001 00000001 00000001 00000001 00000001 00000001 00000001 00000001 00000001 00000001 00000001 00000001 00000001 
core   0: 0x800002d4 (0x6ec4c8d7) vmslt.vx v17, v12, x9
core   0: 3 0x800002d4 (0x6ec4c8d7) c8_vstart 0x00000000 e32 m1 l32 v17 ffffffff 0x00000001 00000001 00000001 00000001 00000001 00000001 00000001 00000001 00000001 00000001 00000001 00000001 00000001 00000001 00000001 00000001 00000001 00000001 00000001 00000001 00000001 00000001 00000001 00000001 00000001 00000001 00000001 00000001 00000001 00000001 00000001 00000001 
core   0: 0x800002d8 (0x27088857) vand.vv v16, v16, v17
core   0: 3 0x800002d8 (0x27088857) c8_vstart 0x00000000 e32 m1 l32 v16 ffffffff 0x00000001 00000001 00000001 00000001 00000001 00000001 00000001 00000001 00000001 00000001 00000001 00000001 00000001 00000001 00000001 00000001 00000001 00000001 00000001 00000001 00000001 00000001 00000001 00000001 00000001 00000001 00000001 00000001 00000001 00000001 00000001 00000001 
core   0: 0x800002dc (0x00000317) auipc   x6, 0x0
core   0: 3 0x800002dc (0x00000317) x6  0x800002dc
core   0: 0x800002e0 (0x0203305b) setrpc  x0, x6, 32
core   0: 3 0x800002e0 (0x0203305b) c2060_rpc 0x800002fc current mask:	ffffffff current npc:	80000320 stack size: 0
core   0: 0x800002e4 (0x0107945b) vbne    v16, v15, pc + 8
core   0: 3 0x800002e4 (0x0107945b) c8_vstart 0x00000000 e32 m1 l32 current mask:	ffffffff current npc:	800002ec stack size: 0
core   0: 0x800002ec (0x0005a7fb) vlw12.v v15, v11, 0
core   0: 3 0x800002ec (0x0005a7fb) e32 m1 l32 v15 ffffffff 0x00000000 00000000 00000000 00000000 00000000 00000000 00000000 00000000 00000000 00000000 00000000 00000000 00000000 00000000 3f7efeff 3f65e5e6 00000000 3f7efeff 3d989899 00000000 3f61e1e2 00000000 00000000 00000000 00000000 3e909091 00000000 00000000 00000000 00000000 00000000 00000000  c8_vstart 0x00000000 mem 0x900001cc mem 0x900003fc mem 0x9000062c mem 0x9000085c mem 0x90000a8c mem 0x900001e0 mem 0x90000410 mem 0x90000640 mem 0x90000870 mem 0x90000aa0 mem 0x900001f4 mem 0x90000424 mem 0x90000654 mem 0x90000884 mem 0x90000ab4 mem 0x90000208 mem 0x90000438 mem 0x90000668 mem 0x90000898 mem 0x90000ac8 mem 0x9000021c mem 0x9000044c mem 0x9000067c mem 0x900008ac mem 0x90000adc mem 0x9000021c mem 0x9000044c mem 0x9000067c mem 0x900008ac mem 0x90000adc mem 0x9000021c mem 0x9000044c
core   0: 0x800002f0 (0x0007287b) vlw12.v v16, v14, 0
core   0: 3 0x800002f0 (0x0007287b) e32 m1 l32 v16 ffffffff 0x3e634577 3e634577 3e634577 3e634577 3e634577 3e634577 3e634577 3e634577 3e634577 3e634577 3e634577 3e634577 3e634577 3e634577 3e634577 3e634577 3e634577 3e634577 3e634577 3e634577 3e634577 3e634577 3e634577 3e634577 3e634577 3e634577 3e634577 3e634577 3e634577 3e634577 3e634577 3e634577  c8_vstart 0x00000000 mem 0x9000205c mem 0x9000205c mem 0x9000205c mem 0x9000205c mem 0x9000205c mem 0x9000205c mem 0x9000205c mem 0x9000205c mem 0x9000205c mem 0x9000205c mem 0x9000205c mem 0x9000205c mem 0x9000205c mem 0x9000205c mem 0x9000205c mem 0x9000205c mem 0x9000205c mem 0x9000205c mem 0x9000205c mem 0x9000205c mem 0x9000205c mem 0x9000205c mem 0x9000205c mem 0x9000205c mem 0x9000205c mem 0x9000205c mem 0x9000205c mem 0x9000205c mem 0x9000205c mem 0x9000205c mem 0x9000205c mem 0x9000205c
core   0: 0x800002f4 (0xa21817d7) vfmadd.vv v15, v1, v16
core   0: 3 0x800002f4 (0xa21817d7) c8_vstart 0x00000000 c1_fflags 0x00000001 e32 m1 l32 v15 ffffffff 0x3f65c680 3ade121e 3ade121e 3ade121e 3f85925a 3f65c680 3ade121e 3ade121e 3ade121e 3f85925a 3f65c680 3ade121e 3f082330 40699bed 408354ad 403064e6 3ade121e 409603b6 3e0d2c6b 3ec05eed 4033e4a5 3ade121e 3ade121e 3ade121e 3ade121e 40243019 3ade121e 3ade121e 3ade121e 3ade121e 3ade121e 3ade121e 
core   0: 0x800002f8 (0x02f040d7) vadd.vx v1, v15, x0
core   0: 3 0x800002f8 (0x02f040d7) c8_vstart 0x00000000 e32 m1 l32 v1  ffffffff 0x3f65c680 3ade121e 3ade121e 3ade121e 3f85925a 3f65c680 3ade121e 3ade121e 3ade121e 3f85925a 3f65c680 3ade121e 3f082330 40699bed 408354ad 403064e6 3ade121e 409603b6 3e0d2c6b 3ec05eed 4033e4a5 3ade121e 3ade121e 3ade121e 3ade121e 40243019 3ade121e 3ade121e 3ade121e 3ade121e 3ade121e 3ade121e 
core   0: 0x800002fc (0x0000205b) join    v0, v0, pc + 0
core   0: 3 0x800002fc (0x0000205b) current mask:	ffffffff current npc:	800002ec stack size: 0
core   0: 0x80000300 (0x5e0047d7) vmv.v.x v15, x0
core   0: 3 0x80000300 (0x5e0047d7) c8_vstart 0x00000000 e32 m1 l32 v15 ffffffff 0x00000000 00000000 00000000 00000000 00000000 00000000 00000000 00000000 00000000 00000000 00000000 00000000 00000000 00000000 00000000 00000000 00000000 00000000 00000000 00000000 00000000 00000000 00000000 00000000 00000000 00000000 00000000 00000000 00000000 00000000 00000000 00000000 
core   0: 0x80000304 (0x02e23757) vadd.vi v14, v14, 4
core   0: 3 0x80000304 (0x02e23757) c8_vstart 0x00000000 e32 m1 l32 v14 ffffffff 0x90002060 90002060 90002060 90002060 90002060 90002060 90002060 90002060 90002060 90002060 90002060 90002060 90002060 90002060 90002060 90002060 90002060 90002060 90002060 90002060 90002060 90002060 90002060 90002060 90002060 90002060 90002060 90002060 90002060 90002060 90002060 90002060 
core   0: 0x80000308 (0x0016968b) vsub12.vi v13, v13, 1
core   0: 3 0x80000308 (0x0016968b) c8_vstart 0x00000000 e32 m1 l32 v13 ffffffff 0x00000001 00000001 00000001 00000001 00000001 00000001 00000001 00000001 00000001 00000001 00000001 00000001 00000001 00000001 00000001 00000001 00000001 00000001 00000001 00000001 00000001 00000001 00000001 00000001 00000001 00000001 00000001 00000001 00000001 00000001 00000001 00000001 
core   0: 0x8000030c (0x02c0b657) vadd.vi v12, v12, 1
core   0: 3 0x8000030c (0x02c0b657) c8_vstart 0x00000000 e32 m1 l32 v12 ffffffff 0x00000018 00000018 00000018 00000018 00000018 00000018 00000018 00000018 00000018 00000018 00000018 00000018 00000013 00000013 00000013 00000013 00000013 0000000e 0000000e 0000000e 0000000e 0000000e 00000009 00000009 00000009 00000009 00000009 00000004 00000004 00000004 00000004 00000004 
core   0: 0x80000310 (0x02b235d7) vadd.vi v11, v11, 4
core   0: 3 0x80000310 (0x02b235d7) c8_vstart 0x00000000 e32 m1 l32 v11 ffffffff 0x90000450 90000220 90000ae0 900008b0 90000680 90000450 90000220 90000ae0 900008b0 90000680 90000450 90000220 90000acc 9000089c 9000066c 9000043c 9000020c 90000ab8 90000888 90000658 90000428 900001f8 90000aa4 90000874 90000644 90000414 900001e4 90000a90 90000860 90000630 90000400 900001d0 
core   0: 0x80000314 (0x00000317) auipc   x6, 0x0
core   0: 3 0x80000314 (0x00000317) x6  0x80000314
core   0: 0x80000318 (0xf943305b) setrpc  x0, x6, -108
core   0: 3 0x80000318 (0xf943305b) c2060_rpc 0x800002a8 current mask:	ffffffff current npc:	800002ec stack size: 0
core   0: 0x8000031c (0xf8d786db) vbeq    v13, v15, pc - 116
core   0: 3 0x8000031c (0xf8d786db) c8_vstart 0x00000000 e32 m1 l32 current mask:	ffffffff current npc:	80000320 stack size: 0
core   0: 0x80000320 (0xfadff06f) j       pc - 0x54
core   0: 3 0x80000320 (0xfadff06f)
core   0: 0x800002cc (0x5e0047d7) vmv.v.x v15, x0
core   0: 3 0x800002cc (0x5e0047d7) c8_vstart 0x00000000 e32 m1 l32 v15 ffffffff 0x00000000 00000000 00000000 00000000 00000000 00000000 00000000 00000000 00000000 00000000 00000000 00000000 00000000 00000000 00000000 00000000 00000000 00000000 00000000 00000000 00000000 00000000 00000000 00000000 00000000 00000000 00000000 00000000 00000000 00000000 00000000 00000000 
core   0: 0x800002d0 (0x6ea54857) vmslt.vx v16, v10, x10
core   0: 3 0x800002d0 (0x6ea54857) c8_vstart 0x00000000 e32 m1 l32 v16 ffffffff 0x00000001 00000001 00000001 00000001 00000001 00000001 00000001 00000001 00000001 00000001 00000001 00000001 00000001 00000001 00000001 00000001 00000001 00000001 00000001 00000001 00000001 00000001 00000001 00000001 00000001 00000001 00000001 00000001 00000001 00000001 00000001 00000001 
core   0: 0x800002d4 (0x6ec4c8d7) vmslt.vx v17, v12, x9
core   0: 3 0x800002d4 (0x6ec4c8d7) c8_vstart 0x00000000 e32 m1 l32 v17 ffffffff 0x00000001 00000001 00000001 00000001 00000001 00000001 00000001 00000001 00000001 00000001 00000001 00000001 00000001 00000001 00000001 00000001 00000001 00000001 00000001 00000001 00000001 00000001 00000001 00000001 00000001 00000001 00000001 00000001 00000001 00000001 00000001 00000001 
core   0: 0x800002d8 (0x27088857) vand.vv v16, v16, v17
core   0: 3 0x800002d8 (0x27088857) c8_vstart 0x00000000 e32 m1 l32 v16 ffffffff 0x00000001 00000001 00000001 00000001 00000001 00000001 00000001 00000001 00000001 00000001 00000001 00000001 00000001 00000001 00000001 00000001 00000001 00000001 00000001 00000001 00000001 00000001 00000001 00000001 00000001 00000001 00000001 00000001 00000001 00000001 00000001 00000001 
core   0: 0x800002dc (0x00000317) auipc   x6, 0x0
core   0: 3 0x800002dc (0x00000317) x6  0x800002dc
core   0: 0x800002e0 (0x0203305b) setrpc  x0, x6, 32
core   0: 3 0x800002e0 (0x0203305b) c2060_rpc 0x800002fc current mask:	ffffffff current npc:	80000320 stack size: 0
core   0: 0x800002e4 (0x0107945b) vbne    v16, v15, pc + 8
core   0: 3 0x800002e4 (0x0107945b) c8_vstart 0x00000000 e32 m1 l32 current mask:	ffffffff current npc:	800002ec stack size: 0
core   0: 0x800002ec (0x0005a7fb) vlw12.v v15, v11, 0
core   0: 3 0x800002ec (0x0005a7fb) e32 m1 l32 v15 ffffffff 0x00000000 00000000 00000000 00000000 00000000 00000000 00000000 00000000 00000000 00000000 00000000 00000000 00000000 00000000 3e78f8f9 3f7efeff 00000000 3e50d0d1 3f5dddde 00000000 3f7efeff 00000000 00000000 00000000 00000000 3ee4e4e5 00000000 00000000 00000000 00000000 00000000 00000000  c8_vstart 0x00000000 mem 0x900001d0 mem 0x90000400 mem 0x90000630 mem 0x90000860 mem 0x90000a90 mem 0x900001e4 mem 0x90000414 mem 0x90000644 mem 0x90000874 mem 0x90000aa4 mem 0x900001f8 mem 0x90000428 mem 0x90000658 mem 0x90000888 mem 0x90000ab8 mem 0x9000020c mem 0x9000043c mem 0x9000066c mem 0x9000089c mem 0x90000acc mem 0x90000220 mem 0x90000450 mem 0x90000680 mem 0x900008b0 mem 0x90000ae0 mem 0x90000220 mem 0x90000450 mem 0x90000680 mem 0x900008b0 mem 0x90000ae0 mem 0x90000220 mem 0x90000450
core   0: 0x800002f0 (0x0007287b) vlw12.v v16, v14, 0
core   0: 3 0x800002f0 (0x0007287b) e32 m1 l32 v16 ffffffff 0x3f3d1617 3f3d1617 3f3d1617 3f3d1617 3f3d1617 3f3d1617 3f3d1617 3f3d1617 3f3d1617 3f3d1617 3f3d1617 3f3d1617 3f3d1617 3f3d1617 3f3d1617 3f3d1617 3f3d1617 3f3d1617 3f3d1617 3f3d1617 3f3d1617 3f3d1617 3f3d1617 3f3d1617 3f3d1617 3f3d1617 3f3d1617 3f3d1617 3f3d1617 3f3d1617 3f3d1617 3f3d1617  c8_vstart 0x00000000 mem 0x90002060 mem 0x90002060 mem 0x90002060 mem 0x90002060 mem 0x90002060 mem 0x90002060 mem 0x90002060 mem 0x90002060 mem 0x90002060 mem 0x90002060 mem 0x90002060 mem 0x90002060 mem 0x90002060 mem 0x90002060 mem 0x90002060 mem 0x90002060 mem 0x90002060 mem 0x90002060 mem 0x90002060 mem 0x90002060 mem 0x90002060 mem 0x90002060 mem 0x90002060 mem 0x90002060 mem 0x90002060 mem 0x90002060 mem 0x90002060 mem 0x90002060 mem 0x90002060 mem 0x90002060 mem 0x90002060 mem 0x90002060
core   0: 0x800002f4 (0xa21817d7) vfmadd.vv v15, v1, v16
core   0: 3 0x800002f4 (0xa21817d7) c8_vstart 0x00000000 c1_fflags 0x00000001 e32 m1 l32 v15 ffffffff 0x3f65c680 3ade121e 3ade121e 3ade121e 3f85925a 3f65c680 3ade121e 3ade121e 3ade121e 3f85925a 3f65c680 3ade121e 3f082330 40699bed 408913d7 405f7af7 3ade121e 409ad597 3f472b0d 3ec05eed 4062fab6 3ade121e 3ade121e 3ade121e 3ade121e 40395231 3ade121e 3ade121e 3ade121e 3ade121e 3ade121e 3ade121e 
core   0: 0x800002f8 (0x02f040d7) vadd.vx v1, v15, x0
core   0: 3 0x800002f8 (0x02f040d7) c8_vstart 0x00000000 e32 m1 l32 v1  ffffffff 0x3f65c680 3ade121e 3ade121e 3ade121e 3f85925a 3f65c680 3ade121e 3ade121e 3ade121e 3f85925a 3f65c680 3ade121e 3f082330 40699bed 408913d7 405f7af7 3ade121e 409ad597 3f472b0d 3ec05eed 4062fab6 3ade121e 3ade121e 3ade121e 3ade121e 40395231 3ade121e 3ade121e 3ade121e 3ade121e 3ade121e 3ade121e 
core   0: 0x800002fc (0x0000205b) join    v0, v0, pc + 0
core   0: 3 0x800002fc (0x0000205b) current mask:	ffffffff current npc:	800002ec stack size: 0
core   0: 0x80000300 (0x5e0047d7) vmv.v.x v15, x0
core   0: 3 0x80000300 (0x5e0047d7) c8_vstart 0x00000000 e32 m1 l32 v15 ffffffff 0x00000000 00000000 00000000 00000000 00000000 00000000 00000000 00000000 00000000 00000000 00000000 00000000 00000000 00000000 00000000 00000000 00000000 00000000 00000000 00000000 00000000 00000000 00000000 00000000 00000000 00000000 00000000 00000000 00000000 00000000 00000000 00000000 
core   0: 0x80000304 (0x02e23757) vadd.vi v14, v14, 4
core   0: 3 0x80000304 (0x02e23757) c8_vstart 0x00000000 e32 m1 l32 v14 ffffffff 0x90002064 90002064 90002064 90002064 90002064 90002064 90002064 90002064 90002064 90002064 90002064 90002064 90002064 90002064 90002064 90002064 90002064 90002064 90002064 90002064 90002064 90002064 90002064 90002064 90002064 90002064 90002064 90002064 90002064 90002064 90002064 90002064 
core   0: 0x80000308 (0x0016968b) vsub12.vi v13, v13, 1
core   0: 3 0x80000308 (0x0016968b) c8_vstart 0x00000000 e32 m1 l32 v13 ffffffff 0x00000000 00000000 00000000 00000000 00000000 00000000 00000000 00000000 00000000 00000000 00000000 00000000 00000000 00000000 00000000 00000000 00000000 00000000 00000000 00000000 00000000 00000000 00000000 00000000 00000000 00000000 00000000 00000000 00000000 00000000 00000000 00000000 
core   0: 0x8000030c (0x02c0b657) vadd.vi v12, v12, 1
core   0: 3 0x8000030c (0x02c0b657) c8_vstart 0x00000000 e32 m1 l32 v12 ffffffff 0x00000019 00000019 00000019 00000019 00000019 00000019 00000019 00000019 00000019 00000019 00000019 00000019 00000014 00000014 00000014 00000014 00000014 0000000f 0000000f 0000000f 0000000f 0000000f 0000000a 0000000a 0000000a 0000000a 0000000a 00000005 00000005 00000005 00000005 00000005 
core   0: 0x80000310 (0x02b235d7) vadd.vi v11, v11, 4
core   0: 3 0x80000310 (0x02b235d7) c8_vstart 0x00000000 e32 m1 l32 v11 ffffffff 0x90000454 90000224 90000ae4 900008b4 90000684 90000454 90000224 90000ae4 900008b4 90000684 90000454 90000224 90000ad0 900008a0 90000670 90000440 90000210 90000abc 9000088c 9000065c 9000042c 900001fc 90000aa8 90000878 90000648 90000418 900001e8 90000a94 90000864 90000634 90000404 900001d4 
core   0: 0x80000314 (0x00000317) auipc   x6, 0x0
core   0: 3 0x80000314 (0x00000317) x6  0x80000314
core   0: 0x80000318 (0xf943305b) setrpc  x0, x6, -108
core   0: 3 0x80000318 (0xf943305b) c2060_rpc 0x800002a8 current mask:	ffffffff current npc:	800002ec stack size: 0
core   0: 0x8000031c (0xf8d786db) vbeq    v13, v15, pc - 116
core   0: 3 0x8000031c (0xf8d786db) c8_vstart 0x00000000 e32 m1 l32 current mask:	ffffffff current npc:	800002a8 stack size: 0
core   0: 0x800002a8 (0x0000205b) join    v0, v0, pc + 0
core   0: 3 0x800002a8 (0x0000205b) current mask:	ffffffff current npc:	800002a8 stack size: 0
core   0: 0x800002ac (0x0270b3d7) vadd.vi v7, v7, 1
core   0: 3 0x800002ac (0x0270b3d7) c8_vstart 0x00000000 e32 m1 l32 v7  ffffffff 0x00000005 00000005 00000005 00000005 00000005 00000005 00000005 00000005 00000005 00000005 00000005 00000005 00000005 00000005 00000005 00000005 00000005 00000005 00000005 00000005 00000005 00000005 00000005 00000005 00000005 00000005 00000005 00000005 00000005 00000005 00000005 00000005 
core   0: 0x800002b0 (0x029644d7) vadd.vx v9, v9, x12
core   0: 3 0x800002b0 (0x029644d7) c8_vstart 0x00000000 e32 m1 l32 v9  ffffffff 0x90002064 90002064 90002064 90002064 90002064 90002064 90002064 90002064 90002064 90002064 90002064 90002064 90002064 90002064 90002064 90002064 90002064 90002064 90002064 90002064 90002064 90002064 90002064 90002064 90002064 90002064 90002064 90002064 90002064 90002064 90002064 90002064 
core   0: 0x800002b4 (0x5e03c557) vmv.v.x v10, x7
core   0: 3 0x800002b4 (0x5e03c557) c8_vstart 0x00000000 e32 m1 l32 v10 ffffffff 0x00000005 00000005 00000005 00000005 00000005 00000005 00000005 00000005 00000005 00000005 00000005 00000005 00000005 00000005 00000005 00000005 00000005 00000005 00000005 00000005 00000005 00000005 00000005 00000005 00000005 00000005 00000005 00000005 00000005 00000005 00000005 00000005 
core   0: 0x800002b8 (0x02874457) vadd.vx v8, v8, x14
core   0: 3 0x800002b8 (0x02874457) c8_vstart 0x00000000 e32 m1 l32 v8  ffffffff 0x900004b0 90000280 90000b40 90000910 900006e0 900004b0 90000280 90000b40 90000910 900006e0 900004b0 90000280 90000b2c 900008fc 900006cc 9000049c 9000026c 90000b18 900008e8 900006b8 90000488 90000258 90000b04 900008d4 900006a4 90000474 90000244 90000af0 900008c0 90000690 90000460 90000230 
core   0: 0x800002bc (0x00000317) auipc   x6, 0x0
core   0: 3 0x800002bc (0x00000317) x6  0x800002bc
core   0: 0x800002c0 (0xfc83305b) setrpc  x0, x6, -56
core   0: 3 0x800002c0 (0xfc83305b) c2060_rpc 0x80000284 current mask:	ffffffff current npc:	800002a8 stack size: 0
core   0: 0x800002c4 (0xfc7500db) vbeq    v7, v10, pc - 64
core   0: 3 0x800002c4 (0xfc7500db) c8_vstart 0x00000000 e32 m1 l32 current mask:	ffffffff current npc:	80000284 stack size: 0
core   0: 0x80000284 (0x0000205b) join    v0, v0, pc + 0
core   0: 3 0x80000284 (0x0000205b) current mask:	ffffffff current npc:	80000284 stack size: 0
core   0: 0x80000288 (0x0220b157) vadd.vi v2, v2, 1
core   0: 3 0x80000288 (0x0220b157) c8_vstart 0x00000000 e32 m1 l32 v2  ffffffff 0x00000001 00000001 00000001 00000001 00000001 00000001 00000001 00000001 00000001 00000001 00000001 00000001 00000001 00000001 00000001 00000001 00000001 00000001 00000001 00000001 00000001 00000001 00000001 00000001 00000001 00000001 00000001 00000001 00000001 00000001 00000001 00000001 
core   0: 0x8000028c (0x0255c2d7) vadd.vx v5, v5, x11
core   0: 3 0x8000028c (0x0255c2d7) c8_vstart 0x00000000 e32 m1 l32 v5  ffffffff 0x90002064 90002064 90002064 90002064 90002064 90002064 90002064 90002064 90002064 90002064 90002064 90002064 90002064 90002064 90002064 90002064 90002064 90002064 90002064 90002064 90002064 90002064 90002064 90002064 90002064 90002064 90002064 90002064 90002064 90002064 90002064 90002064 
core   0: 0x80000290 (0x5e0843d7) vmv.v.x v7, x16
core   0: 3 0x80000290 (0x5e0843d7) c8_vstart 0x00000000 e32 m1 l32 v7  ffffffff 0x00000001 00000001 00000001 00000001 00000001 00000001 00000001 00000001 00000001 00000001 00000001 00000001 00000001 00000001 00000001 00000001 00000001 00000001 00000001 00000001 00000001 00000001 00000001 00000001 00000001 00000001 00000001 00000001 00000001 00000001 00000001 00000001 
core   0: 0x80000294 (0x0266c357) vadd.vx v6, v6, x13
core   0: 3 0x80000294 (0x0266c357) c8_vstart 0x00000000 e32 m1 l32 v6  ffffffff 0x90000ec0 90000c90 90001550 90001320 900010f0 90000ec0 90000c90 90001550 90001320 900010f0 90000ec0 90000c90 9000153c 9000130c 900010dc 90000eac 90000c7c 90001528 900012f8 900010c8 90000e98 90000c68 90001514 900012e4 900010b4 90000e84 90000c54 90001500 900012d0 900010a0 90000e70 90000c40 
core   0: 0x80000298 (0x00000317) auipc   x6, 0x0
core   0: 3 0x80000298 (0x00000317) x6  0x80000298
core   0: 0x8000029c (0xf3c3305b) setrpc  x0, x6, -196
core   0: 3 0x8000029c (0xf3c3305b) c2060_rpc 0x800001d4 current mask:	ffffffff current npc:	80000284 stack size: 0
core   0: 0x800002a0 (0xf2238adb) vbeq    v2, v7, pc - 204
core   0: 3 0x800002a0 (0xf2238adb) c8_vstart 0x00000000 e32 m1 l32 current mask:	ffffffff current npc:	800001d4 stack size: 0
core   0: 0x800001d4 (0x0000205b) join    v0, v0, pc + 0
core   0: 3 0x800001d4 (0x0000205b) current mask:	ffffffff current npc:	800001d4 stack size: 0
core   0: 0x800001d8 (0x5e0041d7) vmv.v.x v3, x0
core   0: 3 0x800001d8 (0x5e0041d7) c8_vstart 0x00000000 e32 m1 l32 v3  ffffffff 0x00000000 00000000 00000000 00000000 00000000 00000000 00000000 00000000 00000000 00000000 00000000 00000000 00000000 00000000 00000000 00000000 00000000 00000000 00000000 00000000 00000000 00000000 00000000 00000000 00000000 00000000 00000000 00000000 00000000 00000000 00000000 00000000 
core   0: 0x800001dc (0x0287a383) lw      x7, 40(x15)
core   0: 3 0x800001dc (0x0287a383) x7  0x00000005 mem 0x90004028
core   0: 0x800001e0 (0x0247a483) lw      x9, 36(x15)
core   0: 3 0x800001e0 (0x0247a483) x9  0x00000005 mem 0x90004024
core   0: 0x800001e4 (0x00c7a283) lw      x5, 12(x15)
core   0: 3 0x800001e4 (0x00c7a283) x5  0x90001000 mem 0x9000400c
core   0: 0x800001e8 (0x80003337) lui     x6, 0x80003
core   0: 3 0x800001e8 (0x80003337) x6  0x80003000
core   0: 0x800001ec (0x00832303) lw      x6, 8(x6)
core   0: 3 0x800001ec (0x00832303) x6  0x00000000 mem 0x80003008
core   0: 0x800001f0 (0xffc12503) lw      x10, -4(x2)
core   0: 3 0x800001f0 (0xffc12503) x10 0x00000001 mem 0x70000010
core   0: 0x800001f4 (0x00a03533) snez    x10, x10
core   0: 3 0x800001f4 (0x00a03533) x10 0x00000001
core   0: 0x800001f8 (0x5e034157) vmv.v.x v2, x6
core   0: 3 0x800001f8 (0x5e034157) c8_vstart 0x00000000 e32 m1 l32 v2  ffffffff 0x00000000 00000000 00000000 00000000 00000000 00000000 00000000 00000000 00000000 00000000 00000000 00000000 00000000 00000000 00000000 00000000 00000000 00000000 00000000 00000000 00000000 00000000 00000000 00000000 00000000 00000000 00000000 00000000 00000000 00000000 00000000 00000000 
core   0: 0x800001fc (0x6e111257) vmflt.vv v4, v1, v2
core   0: 3 0x800001fc (0x6e111257) c8_vstart 0x00000000 e32 m1 l32 v4  ffffffff 0x00000000 00000000 00000000 00000000 00000000 00000000 00000000 00000000 00000000 00000000 00000000 00000000 00000000 00000000 00000000 00000000 00000000 00000000 00000000 00000000 00000000 00000000 00000000 00000000 00000000 00000000 00000000 00000000 00000000 00000000 00000000 00000000 
core   0: 0x80000200 (0x5e0542d7) vmv.v.x v5, x10
core   0: 3 0x80000200 (0x5e0542d7) c8_vstart 0x00000000 e32 m1 l32 v5  ffffffff 0x00000001 00000001 00000001 00000001 00000001 00000001 00000001 00000001 00000001 00000001 00000001 00000001 00000001 00000001 00000001 00000001 00000001 00000001 00000001 00000001 00000001 00000001 00000001 00000001 00000001 00000001 00000001 00000001 00000001 00000001 00000001 00000001 
core   0: 0x80000204 (0x26520257) vand.vv v4, v5, v4
core   0: 3 0x80000204 (0x26520257) c8_vstart 0x00000000 e32 m1 l32 v4  ffffffff 0x00000000 00000000 00000000 00000000 00000000 00000000 00000000 00000000 00000000 00000000 00000000 00000000 00000000 00000000 00000000 00000000 00000000 00000000 00000000 00000000 00000000 00000000 00000000 00000000 00000000 00000000 00000000 00000000 00000000 00000000 00000000 00000000 
core   0: 0x80000208 (0x00000317) auipc   x6, 0x0
core   0: 3 0x80000208 (0x00000317) x6  0x80000208
core   0: 0x8000020c (0x0103305b) setrpc  x0, x6, 16
core   0: 3 0x8000020c (0x0103305b) c2060_rpc 0x80000218 current mask:	ffffffff current npc:	800001d4 stack size: 0
core   0: 0x80000210 (0x0041945b) vbne    v4, v3, pc + 8
core   0: 3 0x80000210 (0x0041945b) c8_vstart 0x00000000 e32 m1 l32 current mask:	ffffffff current npc:	80000214 stack size: 0
core   0: 0x80000214 (0x02104157) vadd.vx v2, v1, x0
core   0: 3 0x80000214 (0x02104157) c8_vstart 0x00000000 e32 m1 l32 v2  ffffffff 0x3f65c680 3ade121e 3ade121e 3ade121e 3f85925a 3f65c680 3ade121e 3ade121e 3ade121e 3f85925a 3f65c680 3ade121e 3f082330 40699bed 408913d7 405f7af7 3ade121e 409ad597 3f472b0d 3ec05eed 4062fab6 3ade121e 3ade121e 3ade121e 3ade121e 40395231 3ade121e 3ade121e 3ade121e 3ade121e 3ade121e 3ade121e 
core   0: 0x80000218 (0x0000205b) join    v0, v0, pc + 0
core   0: 3 0x80000218 (0x0000205b) current mask:	ffffffff current npc:	80000214 stack size: 0
core   0: 0x8000021c (0x0410200b) regext  x0, x0,  0 1 0 1 
core   0: 3 0x8000021c (0x0410200b)
core   0: 0x80000220 (0xa624e0d7) vmadd.vx v1, v2, x9
core   0: 3 0x80000220 (0xa624e0d7) c8_vstart 0x00000000 e32 m1 l32 v33 ffffffff 0x00000001 00000000 00000004 00000003 00000002 00000001 00000000 00000004 00000003 00000002 00000001 00000000 00000004 00000003 00000002 00000001 00000000 00000004 00000003 00000002 00000001 00000000 00000004 00000003 00000002 00000001 00000000 00000004 00000003 00000002 00000001 00000000 
core   0: 0x80000224 (0x0010200b) regext  x0, x0,  0 0 0 1 
core   0: 3 0x80000224 (0x0010200b)
core   0: 0x80000228 (0xa603e0d7) vmadd.vx v1, v0, x7
core   0: 3 0x80000228 (0xa603e0d7) c8_vstart 0x00000000 e32 m1 l32 v33 ffffffff 0x00000009 00000004 00000018 00000013 0000000e 00000009 00000004 00000018 00000013 0000000e 00000009 00000004 00000017 00000012 0000000d 00000008 00000003 00000016 00000011 0000000c 00000007 00000002 00000015 00000010 0000000b 00000006 00000001 00000014 0000000f 0000000a 00000005 00000000 
core   0: 0x8000022c (0x0400200b) regext  x0, x0,  0 1 0 0 
core   0: 3 0x8000022c (0x0400200b)
core   0: 0x80000230 (0x96113057) vsll.vi v0, v1, 2
core   0: 3 0x80000230 (0x96113057) c8_vstart 0x00000000 e32 m1 l32 v0  ffffffff 0x00000024 00000010 00000060 0000004c 00000038 00000024 00000010 00000060 0000004c 00000038 00000024 00000010 0000005c 00000048 00000034 00000020 0000000c 00000058 00000044 00000030 0000001c 00000008 00000054 00000040 0000002c 00000018 00000004 00000050 0000003c 00000028 00000014 00000000 
core   0: 0x80000234 (0x0202c057) vadd.vx v0, v0, x5
core   0: 3 0x80000234 (0x0202c057) c8_vstart 0x00000000 e32 m1 l32 v0  ffffffff 0x90001024 90001010 90001060 9000104c 90001038 90001024 90001010 90001060 9000104c 90001038 90001024 90001010 9000105c 90001048 90001034 90001020 9000100c 90001058 90001044 90001030 9000101c 90001008 90001054 90001040 9000102c 90001018 90001004 90001050 9000103c 90001028 90001014 90001000 
core   0: 0x80000238 (0x0020607b) vsw12.v v2, v0, 0
core   0: 3 0x80000238 (0x0020607b) c8_vstart 0x00000000 e32 m1 l32 mem 0x90001000 0x3ade121e mem 0x90001014 0x3ade121e mem 0x90001028 0x3ade121e mem 0x9000103c 0x3ade121e mem 0x90001050 0x3ade121e mem 0x90001004 0x3ade121e mem 0x90001018 0x40395231 mem 0x9000102c 0x3ade121e mem 0x90001040 0x3ade121e mem 0x90001054 0x3ade121e mem 0x90001008 0x3ade121e mem 0x9000101c 0x4062fab6 mem 0x90001030 0x3ec05eed mem 0x90001044 0x3f472b0d mem 0x90001058 0x409ad597 mem 0x9000100c 0x3ade121e mem 0x90001020 0x405f7af7 mem 0x90001034 0x408913d7 mem 0x90001048 0x40699bed mem 0x9000105c 0x3f082330 mem 0x90001010 0x3ade121e mem 0x90001024 0x3f65c680 mem 0x90001038 0x3f85925a mem 0x9000104c 0x3ade121e mem 0x90001060 0x3ade121e mem 0x90001010 0x3ade121e mem 0x90001024 0x3f65c680 mem 0x90001038 0x3f85925a mem 0x9000104c 0x3ade121e mem 0x90001060 0x3ade121e mem 0x90001010 0x3ade121e mem 0x90001024 0x3f65c680
core   0: 0x8000023c (0xfec12083) lw      x1, -20(x2)
core   0: 3 0x8000023c (0xfec12083) x1  0x800000a0 mem 0x70000000
core   0: 0x80000240 (0x0090200b) regext  x0, x0,  0 0 1 1 
core   0: 3 0x80000240 (0x0090200b)
core   0: 0x80000244 (0x7fc020ab) vlw.v   v1, x0, -4
core   0: 3 0x80000244 (0x7fc020ab) e32 m1 l32 v33 ffffffff 0x00000000 00000000 00000000 00000000 00000000 00000000 00000000 00000000 00000000 00000000 00000000 00000000 00000000 00000000 00000000 00000000 00000000 00000000 00000000 00000000 00000000 00000000 00000000 00000000 00000000 00000000 00000000 00000000 00000000 00000000 00000000 00000000  c8_vstart 0x00000000 mem 0x90005080 mem 0x90005084 mem 0x90005088 mem 0x9000508c mem 0x90005090 mem 0x90005094 mem 0x90005098 mem 0x9000509c mem 0x900050a0 mem 0x900050a4 mem 0x900050a8 mem 0x900050ac mem 0x900050b0 mem 0x900050b4 mem 0x900050b8 mem 0x900050bc mem 0x900050c0 mem 0x900050c4 mem 0x900050c8 mem 0x900050cc mem 0x900050d0 mem 0x900050d4 mem 0x900050d8 mem 0x900050dc mem 0x900050e0 mem 0x900050e4 mem 0x900050e8 mem 0x900050ec mem 0x900050f0 mem 0x900050f4 mem 0x900050f8 mem 0x900050fc
core   0: 0x80000248 (0x0090200b) regext  x0, x0,  0 0 1 1 
core   0: 3 0x80000248 (0x0090200b)
core   0: 0x8000024c (0x7f80212b) vlw.v   v2, x0, -8
core   0: 3 0x8000024c (0x7f80212b) e32 m1 l32 v34 ffffffff 0x00000000 00000000 00000000 00000000 00000000 00000000 00000000 00000000 00000000 00000000 00000000 00000000 00000000 00000000 00000000 00000000 00000000 00000000 00000000 00000000 00000000 00000000 00000000 00000000 00000000 00000000 00000000 00000000 00000000 00000000 00000000 00000000  c8_vstart 0x00000000 mem 0x90005000 mem 0x90005004 mem 0x90005008 mem 0x9000500c mem 0x90005010 mem 0x90005014 mem 0x90005018 mem 0x9000501c mem 0x90005020 mem 0x90005024 mem 0x90005028 mem 0x9000502c mem 0x90005030 mem 0x90005034 mem 0x90005038 mem 0x9000503c mem 0x90005040 mem 0x90005044 mem 0x90005048 mem 0x9000504c mem 0x90005050 mem 0x90005054 mem 0x90005058 mem 0x9000505c mem 0x90005060 mem 0x90005064 mem 0x90005068 mem 0x9000506c mem 0x90005070 mem 0x90005074 mem 0x90005078 mem 0x9000507c
core   0: 0x80000250 (0xfec10113) addi    x2, x2, -20
core   0: 3 0x80000250 (0xfec10113) x2  0x70000000
core   0: 0x80000254 (0xff820213) addi    x4, x4, -8
core   0: 3 0x80000254 (0xff820213) x4  0x00000000
core   0: 0x80000258 (0x0010200b) regext  x0, x0,  0 0 0 1 
core   0: 3 0x80000258 (0x0010200b)
core   0: 0x8000025c (0x5e024057) vmv.v.x v0, x4
core   0: 3 0x8000025c (0x5e024057) c8_vstart 0x00000000 e32 m1 l32 v32 ffffffff 0x00000000 00000000 00000000 00000000 00000000 00000000 00000000 00000000 00000000 00000000 00000000 00000000 00000000 00000000 00000000 00000000 00000000 00000000 00000000 00000000 00000000 00000000 00000000 00000000 00000000 00000000 00000000 00000000 00000000 00000000 00000000 00000000 
core   0: 0x80000260 (0x00008067) ret
core   0: 3 0x80000260 (0x00008067)
core   0: 0x800000a0 (0x0000400b) endprg  x0, x0, x0
core   0: 3 0x800000a0 (0x0000400b)
core   0: 0x800000a4 (0x0040006f) j       pc + 0x4
core   0: 3 0x800000a4 (0x0040006f)
core   0: 0x800000a8 (0x00100313) li      x6, 1
core   0: 3 0x800000a8 (0x00100313) x6  0x00000001
core   0: 0x800000ac (0x00001297) auipc   x5, 0x1
core   0: 3 0x800000ac (0x00001297) x5  0x800010ac
core   0: 0x800000b0 (0xf5428293) addi    x5, x5, -172
core   0: 3 0x800000b0 (0xf5428293) x5  0x80001000
core   0: 0x800000b4 (0x0062a023) sw      x6, 0(x5)
core   0: 3 0x800000b4 (0x0062a023) mem 0x80001000 0x00000001
